date,gdp_qoq,gdp_yoy,cpi_yoy,core_cpi_yoy,ppi_yoy,ism_manufacturing,ism_services,unemployment_rate,nonfarm_payrolls,fed_funds_rate,yield_10y,yield_2y,dxy,consumer_confidence,source,updated_at
"1947-06-30 00:00:00",-1.0,,,,,,,,,,,,,,uploaded_file,"2026-03-03 20:57:27.149862"
"1947-09-30 00:00:00",-0.8,,,,,,,,,,,,,,uploaded_file,"2026-03-03 20:57:27.149862"
"1947-12-31 00:00:00",6.4,,,,,,,,,,,,,,uploaded_file,"2026-03-03 20:57:27.149862"
"1948-01-31 00:00:00",,,10.2,,,51.7,,3.4,,,,,,,uploaded_file,"2026-03-03 20:57:27.149862"
"1948-02-29 00:00:00",,,9.5,,,50.2,,3.8,,,,,,,uploaded_file,"2026-03-03 20:57:27.149862"
"1948-03-31 00:00:00",6.2,2.6114,6.8,,,43.3,,4.0,,,,,,,uploaded_file,"2026-03-03 20:57:27.149862"
"1948-04-30 00:00:00",,,8.3,,,45.4,,3.9,,,,,,,uploaded_file,"2026-03-03 20:57:27.149862"
"1948-05-31 00:00:00",,,9.4,,,49.5,,3.5,,,,,,,uploaded_file,"2026-03-03 20:57:27.149862"
"1948-06-30 00:00:00",6.8,4.5845,9.4,,,53.0,,3.6,,,,,,,uploaded_file,"2026-03-03 20:57:27.149862"
"1948-07-31 00:00:00",,,9.8,,,48.4,,3.6,,,,,,,uploaded_file,"2026-03-03 20:57:27.149862"
"1948-08-31 00:00:00",,,9.1,,,45.1,,3.9,,,,,,,uploaded_file,"2026-03-03 20:57:27.149862"
"1948-09-30 00:00:00",2.3,5.4042,6.7,,,42.1,,3.8,,,,,,,uploaded_file,"2026-03-03 20:57:27.149862"
"1948-10-31 00:00:00",,,6.1,,,47.2,,3.7,,,,,,,uploaded_file,"2026-03-03 20:57:27.149862"
"1948-11-30 00:00:00",,,4.8,,,42.4,,3.8,,,,,,,uploaded_file,"2026-03-03 20:57:27.149862"
"1948-12-31 00:00:00",0.5,3.893,2.7,,,35.0,,4.0,,,,,,,uploaded_file,"2026-03-03 20:57:27.149862"
"1949-01-31 00:00:00",,,1.4,,,32.9,,4.3,,,,,,,uploaded_file,"2026-03-03 20:57:27.149862"
"1949-02-28 00:00:00",,,1.0,,,31.3,,4.7,,,,,,,uploaded_file,"2026-03-03 20:57:27.149862"
"1949-03-31 00:00:00",-5.4,0.9421,1.7,,,34.5,,5.0,,,,,,,uploaded_file,"2026-03-03 20:57:27.149862"
"1949-04-30 00:00:00",,,0.4,,,35.5,,5.3,,,,,,,uploaded_file,"2026-03-03 20:57:27.149862"
"1949-05-31 00:00:00",,,-0.4,,,32.6,,6.1,,,,,,,uploaded_file,"2026-03-03 20:57:27.149862"
"1949-06-30 00:00:00",-1.4,-1.0366,-1.0,,,31.6,,6.2,,,,,,,uploaded_file,"2026-03-03 20:57:27.149862"
"1949-07-31 00:00:00",,,-2.9,,,39.0,,6.7,,,,,,,uploaded_file,"2026-03-03 20:57:27.149862"
"1949-08-31 00:00:00",,,-3.0,,,47.0,,6.8,,,,,,,uploaded_file,"2026-03-03 20:57:27.149862"
"1949-09-30 00:00:00",4.2,-0.5852,-2.5,,,52.3,,6.6,,,,,,,uploaded_file,"2026-03-03 20:57:27.149862"
"1949-10-31 00:00:00",,,-2.6,,,51.0,,7.9,,,,,,,uploaded_file,"2026-03-03 20:57:27.149862"
"1949-11-30 00:00:00",,,-1.9,,,51.0,,6.4,,,,,,,uploaded_file,"2026-03-03 20:57:27.149862"
"1949-12-31 00:00:00",-3.3,-1.5268,-1.8,,,57.3,,6.6,,,,,,,uploaded_file,"2026-03-03 20:57:27.149862"
"1950-01-31 00:00:00",,,-2.1,,,59.1,,6.5,,,,,,,uploaded_file,"2026-03-03 20:57:27.149862"
"1950-02-28 00:00:00",,,-1.3,,,60.5,,6.4,,,,,,,uploaded_file,"2026-03-03 20:57:27.149862"
"1950-03-31 00:00:00",16.7,3.773,-1.1,,,62.1,,6.3,,,,,,,uploaded_file,"2026-03-03 20:57:27.149862"
"1950-04-30 00:00:00",,,-1.1,,,68.1,,5.8,,,,,,,uploaded_file,"2026-03-03 20:57:27.149862"
"1950-05-31 00:00:00",,,-0.6,,,74.7,,5.5,,,,,,,uploaded_file,"2026-03-03 20:57:27.149862"
"1950-06-30 00:00:00",12.7,7.3055,-0.2,,,76.6,,5.4,,,,,,,uploaded_file,"2026-03-03 20:57:27.149862"
"1950-07-31 00:00:00",,,1.6,,,77.5,,5.0,,,,,,,uploaded_file,"2026-03-03 20:57:27.149862"
"1950-08-31 00:00:00",,,2.1,,,75.8,,4.5,,,,,,,uploaded_file,"2026-03-03 20:57:27.149862"
"1950-09-30 00:00:00",16.4,10.3101,2.5,,,68.1,,4.4,,,,,,,uploaded_file,"2026-03-03 20:57:27.149862"
"1950-10-31 00:00:00",,,3.5,,,59.2,,4.2,,,,,,,uploaded_file,"2026-03-03 20:57:27.149862"
"1950-11-30 00:00:00",,,3.8,,,63.1,,4.2,,,,,,,uploaded_file,"2026-03-03 20:57:27.149862"
"1950-12-31 00:00:00",7.9,13.3694,5.8,,,67.1,,4.3,,,,,,,uploaded_file,"2026-03-03 20:57:27.149862"
"1951-01-31 00:00:00",,,8.0,,,67.8,,3.7,,,,,,,uploaded_file,"2026-03-03 20:57:27.149862"
"1951-02-28 00:00:00",,,9.4,,,69.3,,3.4,,,,,,,uploaded_file,"2026-03-03 20:57:27.149862"
"1951-03-31 00:00:00",5.5,10.5665,9.5,,,65.5,,3.4,,,,,,,uploaded_file,"2026-03-03 20:57:27.149862"
"1951-04-30 00:00:00",,,9.6,,,53.5,,3.1,,,,,,,uploaded_file,"2026-03-03 20:57:27.149862"
"1951-05-31 00:00:00",,,9.3,,,50.7,,3.0,,,,,,,uploaded_file,"2026-03-03 20:57:27.149862"
"1951-06-30 00:00:00",7.1,9.1492,8.6,,,45.5,,3.2,,,,,,,uploaded_file,"2026-03-03 20:57:27.149862"
"1951-07-31 00:00:00",,,7.6,,,42.1,,3.1,,,,,,,uploaded_file,"2026-03-03 20:57:27.149862"
"1951-08-31 00:00:00",,,6.9,,,43.6,,3.1,,,,,,,uploaded_file,"2026-03-03 20:57:27.149862"
"1951-09-30 00:00:00",8.5,7.2558,6.9,,,48.1,,3.3,,,,,,,uploaded_file,"2026-03-03 20:57:27.149862"
"1951-10-31 00:00:00",,,6.8,,,49.6,,3.5,,,,,,,uploaded_file,"2026-03-03 20:57:27.149862"
"1951-11-30 00:00:00",,,7.0,,,47.2,,3.5,,,,,,,uploaded_file,"2026-03-03 20:57:27.149862"
"1951-12-31 00:00:00",0.9,5.4705,6.0,,,46.5,,3.1,,,,,,,uploaded_file,"2026-03-03 20:57:27.149862"
"1952-01-31 00:00:00",,,4.2,,,44.7,,3.2,,,,,,,uploaded_file,"2026-03-03 20:57:27.149862"
"1952-02-29 00:00:00",,,2.2,,,41.8,,3.1,,,,,,,uploaded_file,"2026-03-03 20:57:27.149862"
"1952-03-31 00:00:00",4.3,5.1658,2.0,,,40.0,,2.9,,,,,,,uploaded_file,"2026-03-03 20:57:27.149862"
"1952-04-30 00:00:00",,,2.1,,,36.7,,2.9,,,,,,,uploaded_file,"2026-03-03 20:57:27.149862"
"1952-05-31 00:00:00",,,1.8,,,39.5,,3.0,,,,,,,uploaded_file,"2026-03-03 20:57:27.149862"
"1952-06-30 00:00:00",0.8,3.5962,2.3,,,43.3,,3.0,,,,,,,uploaded_file,"2026-03-03 20:57:27.149862"
"1952-07-31 00:00:00",,,3.0,,,48.3,,3.2,,,,,,,uploaded_file,"2026-03-03 20:57:27.149862"
"1952-08-31 00:00:00",,,3.2,,,60.4,,3.4,,,,,,,uploaded_file,"2026-03-03 20:57:27.149862"
"1952-09-30 00:00:00",2.9,2.2352,2.3,,,56.1,,3.1,,,,,,,uploaded_file,"2026-03-03 20:57:27.149862"
"1952-10-31 00:00:00",,,2.0,,,56.2,,3.0,,,,,,,uploaded_file,"2026-03-03 20:57:27.149862"
"1952-11-30 00:00:00",,,1.4,,,56.8,,2.8,,,,,,,uploaded_file,"2026-03-03 20:57:27.149862"
"1952-12-31 00:00:00",13.8,5.3608,0.9,,,55.8,,2.7,,,,,,,uploaded_file,"2026-03-03 20:57:27.149862"
"1953-01-31 00:00:00",,,0.7,,,59.4,,2.9,,,,,,,uploaded_file,"2026-03-03 20:57:27.149862"
"1953-02-28 00:00:00",,,0.7,,,55.4,,2.6,,,,,,,uploaded_file,"2026-03-03 20:57:27.149862"
"1953-03-31 00:00:00",7.7,6.1877,0.9,,,50.5,,2.6,,,,,,,uploaded_file,"2026-03-03 20:57:27.149862"
"1953-04-30 00:00:00",,,0.9,,,51.1,,2.7,,,,,,,uploaded_file,"2026-03-03 20:57:27.149862"
"1953-05-31 00:00:00",,,0.9,,,48.9,,2.5,,,,,,,uploaded_file,"2026-03-03 20:57:27.149862"
"1953-06-30 00:00:00",3.1,6.7818,0.9,,,48.5,,2.5,,,,,,,uploaded_file,"2026-03-03 20:57:27.149862"
"1953-07-31 00:00:00",,,0.4,,,46.3,,2.6,,,,,,,uploaded_file,"2026-03-03 20:57:27.149862"
"1953-08-31 00:00:00",,,0.6,,,43.5,,2.7,,,,,,,uploaded_file,"2026-03-03 20:57:27.149862"
"1953-09-30 00:00:00",-2.2,5.4222,1.0,,,40.2,,2.9,,,,,,,uploaded_file,"2026-03-03 20:57:27.149862"
"1953-10-31 00:00:00",,,1.0,,,37.4,,3.1,,,,,,,uploaded_file,"2026-03-03 20:57:27.149862"
"1953-11-30 00:00:00",,,0.6,,,36.9,,3.5,,,,,,,uploaded_file,"2026-03-03 20:57:27.149862"
"1953-12-31 00:00:00",-5.9,0.5239,0.6,,,35.6,,4.5,,,,,,,uploaded_file,"2026-03-03 20:57:27.149862"
"1954-01-31 00:00:00",,,1.1,,,37.4,,4.9,,,,,,,uploaded_file,"2026-03-03 20:57:27.149862"
"1954-02-28 00:00:00",,,1.5,,,40.7,,5.2,,,,,,,uploaded_file,"2026-03-03 20:57:27.149862"
"1954-03-31 00:00:00",-1.9,-1.7813,1.1,,,44.7,,5.7,,,,,,,uploaded_file,"2026-03-03 20:57:27.149862"
"1954-04-30 00:00:00",,,0.6,,,47.7,,5.9,,,,,,,uploaded_file,"2026-03-03 20:57:27.149862"
"1954-05-31 00:00:00",,,0.9,,,50.1,,5.9,,,,,,,uploaded_file,"2026-03-03 20:57:27.149862"
"1954-06-30 00:00:00",0.4,-2.4287,0.6,,,52.1,,5.6,,,,,,,uploaded_file,"2026-03-03 20:57:27.149862"
"1954-07-31 00:00:00",,,0.3,,,51.7,,5.8,,,,,,,uploaded_file,"2026-03-03 20:57:27.149862"
"1954-08-31 00:00:00",,,0.0,,,54.4,,6.0,,,,,,,uploaded_file,"2026-03-03 20:57:27.149862"
"1954-09-30 00:00:00",4.6,-0.7682,-0.3,,,53.5,,6.1,,,,,,,uploaded_file,"2026-03-03 20:57:27.149862"
"1954-10-31 00:00:00",,,-0.9,,,58.2,,5.7,,,,,,,uploaded_file,"2026-03-03 20:57:27.149862"
"1954-11-30 00:00:00",,,-0.3,,,58.8,,5.3,,,,,,,uploaded_file,"2026-03-03 20:57:27.149862"
"1954-12-31 00:00:00",8.1,2.7319,-0.4,,,63.8,,5.0,,,,,,,uploaded_file,"2026-03-03 20:57:27.149862"
"1955-01-31 00:00:00",,,-0.6,,,63.0,,4.9,,,,,,,uploaded_file,"2026-03-03 20:57:27.149862"
"1955-02-28 00:00:00",,,-0.6,,,67.8,,4.7,,,,,,,uploaded_file,"2026-03-03 20:57:27.149862"
"1955-03-31 00:00:00",11.9,6.1683,-0.5,,,67.5,,4.6,,,,,,,uploaded_file,"2026-03-03 20:57:27.149862"
"1955-04-30 00:00:00",,,-0.3,,,68.7,,4.7,,,,,,,uploaded_file,"2026-03-03 20:57:27.149862"
"1955-05-31 00:00:00",,,-0.6,,,69.5,,4.3,,,,,,,uploaded_file,"2026-03-03 20:57:27.149862"
"1955-06-30 00:00:00",6.7,7.7801,-0.9,,,63.3,,4.2,,,,,,,uploaded_file,"2026-03-03 20:57:27.149862"
"1955-07-31 00:00:00",,,-0.4,,,66.2,,4.0,,,,,,,uploaded_file,"2026-03-03 20:57:27.149862"
"1955-08-31 00:00:00",,,-0.5,,,64.8,,4.2,,,,,,,uploaded_file,"2026-03-03 20:57:27.149862"
"1955-09-30 00:00:00",5.5,8.016,0.1,,,62.4,,4.1,,,,,,,uploaded_file,"2026-03-03 20:57:27.149862"
"1955-10-31 00:00:00",,,0.4,,,63.7,,4.3,,,,,,,uploaded_file,"2026-03-03 20:57:27.149862"
"1955-11-30 00:00:00",,,0.4,,,62.0,,4.2,,,,,,,uploaded_file,"2026-03-03 20:57:27.149862"
"1955-12-31 00:00:00",2.4,6.5784,0.4,,,65.6,,4.2,,,,,,,uploaded_file,"2026-03-03 20:57:27.149862"
"1956-01-31 00:00:00",,,0.2,,,60.2,,4.0,,,,,,,uploaded_file,"2026-03-03 20:57:27.149862"
"1956-02-29 00:00:00",,,0.1,,,58.2,,3.9,,,,,,,uploaded_file,"2026-03-03 20:57:27.149862"
"1956-03-31 00:00:00",-1.5,3.2178,0.4,,,57.2,,4.2,,,,,,,uploaded_file,"2026-03-03 20:57:27.149862"
"1956-04-30 00:00:00",,,0.5,,,55.9,,4.0,,,,,,,uploaded_file,"2026-03-03 20:57:27.149862"
"1956-05-31 00:00:00",,,1.0,,,51.2,,4.3,,,,,,,uploaded_file,"2026-03-03 20:57:27.149862"
"1956-06-30 00:00:00",3.3,2.404,1.6,,,47.7,,4.3,,,,,,,uploaded_file,"2026-03-03 20:57:27.149862"
"1956-07-31 00:00:00",,,2.0,,,44.2,,4.4,,,,,,,uploaded_file,"2026-03-03 20:57:27.149862"
"1956-08-31 00:00:00",,,2.2,,,51.5,,4.1,,,,,,,uploaded_file,"2026-03-03 20:57:27.149862"
"1956-09-30 00:00:00",-0.3,0.9481,1.9,,,55.5,,3.9,,,,,,,uploaded_file,"2026-03-03 20:57:27.149862"
"1956-10-31 00:00:00",,,2.6,,,52.7,,3.9,,,,,,,uploaded_file,"2026-03-03 20:57:27.149862"
"1956-11-30 00:00:00",,,2.3,,,55.0,,4.3,,,,,,,uploaded_file,"2026-03-03 20:57:27.149862"
"1956-12-31 00:00:00",6.8,1.9967,2.8,,,52.7,,4.2,,,,,,,uploaded_file,"2026-03-03 20:57:27.149862"
"1957-01-31 00:00:00",,,3.1,,,53.6,,4.2,,,,,,,uploaded_file,"2026-03-03 20:57:27.149862"
"1957-02-28 00:00:00",,,3.5,,,51.0,,3.9,,,,,,,uploaded_file,"2026-03-03 20:57:27.149862"
"1957-03-31 00:00:00",2.6,3.0501,3.6,,,47.5,,3.7,,,,,,,uploaded_file,"2026-03-03 20:57:27.149862"
"1957-04-30 00:00:00",,,3.7,,,43.1,,3.9,,,,,,,uploaded_file,"2026-03-03 20:57:27.149862"
"1957-05-31 00:00:00",,,3.6,,,43.4,,4.1,,,,,,,uploaded_file,"2026-03-03 20:57:27.149862"
"1957-06-30 00:00:00",-0.9,1.9817,3.5,,,45.9,,4.3,,,,,,,uploaded_file,"2026-03-03 20:57:27.149862"
"1957-07-31 00:00:00",,,3.3,,,45.7,,4.2,,,,,,,uploaded_file,"2026-03-03 20:57:27.149862"
"1957-08-31 00:00:00",,,3.6,,,45.3,,4.1,,,,,,,uploaded_file,"2026-03-03 20:57:27.149862"
"1957-09-30 00:00:00",4.0,3.0724,3.5,,,45.8,,4.4,,,,,,,uploaded_file,"2026-03-03 20:57:27.149862"
"1957-10-31 00:00:00",,,2.9,,,41.1,,4.5,,,,,,,uploaded_file,"2026-03-03 20:57:27.149862"
"1957-11-30 00:00:00",,,3.3,,,40.4,,5.1,,,,,,,uploaded_file,"2026-03-03 20:57:27.149862"
"1957-12-31 00:00:00",-4.1,0.3539,3.0,,,36.8,,5.2,,,,,,,uploaded_file,"2026-03-03 20:57:27.149862"
"1958-01-31 00:00:00",,,3.5,2.8,,33.4,,5.8,,,,,,,uploaded_file,"2026-03-03 20:57:27.149862"
"1958-02-28 00:00:00",,,3.2,2.8,,37.2,,6.4,,,,,,,uploaded_file,"2026-03-03 20:57:27.149862"
"1958-03-31 00:00:00",-10.0,-2.8727,3.6,2.8,,39.8,,6.7,,,,,,,uploaded_file,"2026-03-03 20:57:27.149862"
"1958-04-30 00:00:00",,,3.6,2.4,,39.1,,7.4,,,,,,,uploaded_file,"2026-03-03 20:57:27.149862"
"1958-05-31 00:00:00",,,3.4,2.4,,46.6,,7.4,,,,,,,uploaded_file,"2026-03-03 20:57:27.149862"
"1958-06-30 00:00:00",2.7,-2.0212,2.8,2.4,,51.4,,7.3,,,,,,,uploaded_file,"2026-03-03 20:57:27.149862"
"1958-07-31 00:00:00",,,2.5,2.1,,54.7,,7.5,,,,,,,uploaded_file,"2026-03-03 20:57:27.149862"
"1958-08-31 00:00:00",,,2.3,2.1,,57.3,,7.4,,,,,,,uploaded_file,"2026-03-03 20:57:27.149862"
"1958-09-30 00:00:00",9.6,-0.7259,2.1,2.1,,59.8,,7.1,,,,,,,uploaded_file,"2026-03-03 20:57:27.149862"
"1958-10-31 00:00:00",,,2.1,1.7,,62.3,,6.7,,,,,,,uploaded_file,"2026-03-03 20:57:27.149862"
"1958-11-30 00:00:00",,,1.9,1.7,,62.7,,6.2,,,,,,,uploaded_file,"2026-03-03 20:57:27.149862"
"1958-12-31 00:00:00",9.7,2.6561,1.8,2.0,,60.5,,6.2,,,,,,,uploaded_file,"2026-03-03 20:57:27.149862"
"1959-01-31 00:00:00",,,1.3,2.0,,64.4,,6.0,,,,,,,uploaded_file,"2026-03-03 20:57:27.149862"
"1959-02-28 00:00:00",,,1.0,1.7,,66.9,,5.9,,,,,,,uploaded_file,"2026-03-03 20:57:27.149862"
"1959-03-31 00:00:00",7.9,7.415,0.3,1.7,,67.1,,5.6,,,,,,,uploaded_file,"2026-03-03 20:57:27.149862"
"1959-04-30 00:00:00",,,0.1,1.7,,66.9,,5.2,,,,,,,uploaded_file,"2026-03-03 20:57:27.149862"
"1959-05-31 00:00:00",,,0.3,2.0,,68.2,,5.1,,,,,,,uploaded_file,"2026-03-03 20:57:27.149862"
"1959-06-30 00:00:00",9.3,9.1207,0.7,2.0,,64.4,,5.0,,,,,,,uploaded_file,"2026-03-03 20:57:27.149862"
"1959-07-31 00:00:00",,,0.9,2.0,,61.5,,5.1,,,,,,,uploaded_file,"2026-03-03 20:57:27.149862"
"1959-08-31 00:00:00",,,0.8,2.0,,55.1,,5.2,,,,,,,uploaded_file,"2026-03-03 20:57:27.149862"
"1959-09-30 00:00:00",0.3,6.727,1.2,2.0,,48.3,,5.5,,,,,,,uploaded_file,"2026-03-03 20:57:27.149862"
"1959-10-31 00:00:00",,,1.5,2.4,,49.7,,5.7,,,,,,,uploaded_file,"2026-03-03 20:57:27.149862"
"1959-11-30 00:00:00",,,1.4,2.0,,50.6,,5.8,,,,,,,uploaded_file,"2026-03-03 20:57:27.149862"
"1959-12-31 00:00:00",1.1,4.585,1.5,2.0,,58.2,,5.3,,,,,,,uploaded_file,"2026-03-03 20:57:27.149862"
"1960-01-31 00:00:00",,,1.2,2.0,,61.5,,5.2,,,,,,,uploaded_file,"2026-03-03 20:57:27.149862"
"1960-02-29 00:00:00",,,1.4,2.3,,52.3,,4.8,,,,,,,uploaded_file,"2026-03-03 20:57:27.149862"
"1960-03-31 00:00:00",9.3,4.9253,1.5,2.0,,47.8,,5.4,,,,,,,uploaded_file,"2026-03-03 20:57:27.149862"
"1960-04-30 00:00:00",,,1.9,2.0,,45.3,,5.2,,,,,,,uploaded_file,"2026-03-03 20:57:27.149862"
"1960-05-31 00:00:00",,,1.8,1.7,,42.6,,5.1,,,,,,,uploaded_file,"2026-03-03 20:57:27.149862"
"1960-06-30 00:00:00",-2.1,2.0568,1.7,1.7,,44.4,,5.4,,,,,,,uploaded_file,"2026-03-03 20:57:27.149862"
"1960-07-31 00:00:00",,,1.4,1.3,,43.7,,5.5,,,,,,,uploaded_file,"2026-03-03 20:57:27.149862"
"1960-08-31 00:00:00",,,1.5,1.3,,47.6,,5.6,,,,,,,uploaded_file,"2026-03-03 20:57:27.149862"
"1960-09-30 00:00:00",2.0,2.4868,1.2,1.0,,45.4,,5.5,,,,,,,uploaded_file,"2026-03-03 20:57:27.149862"
"1960-10-31 00:00:00",,,1.4,1.3,,46.0,,6.1,,,,,,,uploaded_file,"2026-03-03 20:57:27.149862"
"1960-11-30 00:00:00",,,1.5,1.3,,44.3,,6.1,,,,,,,uploaded_file,"2026-03-03 20:57:27.149862"
"1960-12-31 00:00:00",-5.0,0.8867,1.4,0.7,,44.3,,6.6,,,,,,,uploaded_file,"2026-03-03 20:57:27.149862"
"1961-01-31 00:00:00",,,1.6,1.0,,43.9,,6.6,,,,,,,uploaded_file,"2026-03-03 20:57:27.149862"
"1961-02-28 00:00:00",,,1.5,0.7,,43.6,,6.9,,,,,,,uploaded_file,"2026-03-03 20:57:27.149862"
"1961-03-31 00:00:00",2.7,-0.6681,1.5,1.0,,49.1,,6.9,,,,,,,uploaded_file,"2026-03-03 20:57:27.149862"
"1961-04-30 00:00:00",,,0.9,1.0,,57.6,,7.0,,,,,,,uploaded_file,"2026-03-03 20:57:27.149862"
"1961-05-31 00:00:00",,,0.9,1.0,,58.9,,7.1,,,,,,,uploaded_file,"2026-03-03 20:57:27.149862"
"1961-06-30 00:00:00",7.0,1.5665,0.8,1.0,,58.1,,6.9,,,,,,,uploaded_file,"2026-03-03 20:57:27.149862"
"1961-07-31 00:00:00",,,1.3,1.3,,58.2,,7.0,,,,,,,uploaded_file,"2026-03-03 20:57:27.149862"
"1961-08-31 00:00:00",,,1.1,1.6,,60.7,,6.6,,,,,,,uploaded_file,"2026-03-03 20:57:27.149862"
"1961-09-30 00:00:00",7.9,3.0125,1.2,1.6,,63.0,,6.7,,,,,,,uploaded_file,"2026-03-03 20:57:27.149862"
"1961-10-31 00:00:00",,,0.8,1.0,,62.2,,6.5,,,,,,,uploaded_file,"2026-03-03 20:57:27.149862"
"1961-11-30 00:00:00",,,0.7,1.3,,59.0,,6.1,,,,,,,uploaded_file,"2026-03-03 20:57:27.149862"
"1961-12-31 00:00:00",8.1,6.3971,0.7,1.6,,64.2,,6.0,,,,,,,uploaded_file,"2026-03-03 20:57:27.149862"
"1962-01-31 00:00:00",,,0.7,1.3,,60.9,,5.8,,,,,,,uploaded_file,"2026-03-03 20:57:27.149862"
"1962-02-28 00:00:00",,,0.9,1.3,,61.1,,5.5,,,,,,,uploaded_file,"2026-03-03 20:57:27.149862"
"1962-03-31 00:00:00",7.3,7.5679,1.1,1.3,,60.6,,5.6,,,,,,,uploaded_file,"2026-03-03 20:57:27.149862"
"1962-04-30 00:00:00",,,1.3,1.3,,55.1,,5.6,,,,,,,uploaded_file,"2026-03-03 20:57:27.149862"
"1962-05-31 00:00:00",,,1.3,1.6,,52.2,,5.5,,,,,,,uploaded_file,"2026-03-03 20:57:27.149862"
"1962-06-30 00:00:00",3.7,6.7295,1.2,1.3,,50.8,,5.5,,,,,,,uploaded_file,"2026-03-03 20:57:27.149862"
"1962-07-31 00:00:00",,,1.0,1.3,,51.0,,5.4,,,,,,,uploaded_file,"2026-03-03 20:57:27.149862"
"1962-08-31 00:00:00",,,1.1,1.3,,49.5,,5.7,,,,,,,uploaded_file,"2026-03-03 20:57:27.149862"
"1962-09-30 00:00:00",5.0,6.0061,1.5,1.3,,50.0,,5.6,,,,,,,uploaded_file,"2026-03-03 20:57:27.149862"
"1962-10-31 00:00:00",,,1.3,1.3,,51.2,,5.4,,,,,,,uploaded_file,"2026-03-03 20:57:27.149862"
"1962-11-30 00:00:00",,,1.3,1.0,,53.8,,5.7,,,,,,,uploaded_file,"2026-03-03 20:57:27.149862"
"1962-12-31 00:00:00",1.3,4.309,1.2,1.3,,57.2,,5.5,,,,,,,uploaded_file,"2026-03-03 20:57:27.149862"
"1963-01-31 00:00:00",,,1.3,1.0,,55.2,,5.7,,,,,,,uploaded_file,"2026-03-03 20:57:27.149862"
"1963-02-28 00:00:00",,,1.2,1.3,,55.1,,5.9,,,,,,,uploaded_file,"2026-03-03 20:57:27.149862"
"1963-03-31 00:00:00",4.4,3.6029,1.1,1.3,,54.7,,5.7,,,,,,,uploaded_file,"2026-03-03 20:57:27.149862"
"1963-04-30 00:00:00",,,0.9,1.3,,57.6,,5.7,,,,,,,uploaded_file,"2026-03-03 20:57:27.149862"
"1963-05-31 00:00:00",,,0.9,1.0,,59.8,,5.9,,,,,,,uploaded_file,"2026-03-03 20:57:27.149862"
"1963-06-30 00:00:00",4.6,3.8264,1.3,1.3,,58.2,,5.6,,,,,,,uploaded_file,"2026-03-03 20:57:27.149862"
"1963-07-31 00:00:00",,,1.6,1.3,,55.5,,5.6,,,,,,,uploaded_file,"2026-03-03 20:57:27.149862"
"1963-08-31 00:00:00",,,1.6,1.3,,55.1,,5.4,,,,,,,uploaded_file,"2026-03-03 20:57:27.149862"
"1963-09-30 00:00:00",9.1,4.8192,1.0,1.3,,56.9,,5.5,,,,,,,uploaded_file,"2026-03-03 20:57:27.149862"
"1963-10-31 00:00:00",,,1.2,1.6,,57.7,,5.5,,,,,,,uploaded_file,"2026-03-03 20:57:27.149862"
"1963-11-30 00:00:00",,,1.3,1.6,,57.5,,5.7,,,,,,,uploaded_file,"2026-03-03 20:57:27.149862"
"1963-12-31 00:00:00",2.6,5.1592,1.6,1.6,,54.0,,5.5,,,,,,,uploaded_file,"2026-03-03 20:57:27.149862"
"1964-01-31 00:00:00",,,1.6,2.2,,57.1,,5.6,,,,,,,uploaded_file,"2026-03-03 20:57:27.149862"
"1964-02-29 00:00:00",,,1.4,1.9,,57.9,,5.4,,,,,,,uploaded_file,"2026-03-03 20:57:27.149862"
"1964-03-31 00:00:00",8.7,6.2181,1.4,1.6,,60.2,,5.4,,,,,,,uploaded_file,"2026-03-03 20:57:27.149862"
"1964-04-30 00:00:00",,,1.5,1.6,,59.2,,5.3,,,,,,,uploaded_file,"2026-03-03 20:57:27.149862"
"1964-05-31 00:00:00",,,1.5,1.6,,58.7,,5.1,,,,,,,uploaded_file,"2026-03-03 20:57:27.149862"
"1964-06-30 00:00:00",4.4,6.1821,1.3,1.6,,60.1,,5.2,,,,,,,uploaded_file,"2026-03-03 20:57:27.149862"
"1964-07-31 00:00:00",,,1.1,1.6,,62.9,,4.9,,,,,,,uploaded_file,"2026-03-03 20:57:27.149862"
"1964-08-31 00:00:00",,,1.0,1.3,,63.3,,5.0,,,,,,,uploaded_file,"2026-03-03 20:57:27.149862"
"1964-09-30 00:00:00",6.4,5.5197,1.2,1.3,,63.3,,5.1,,,,,,,uploaded_file,"2026-03-03 20:57:27.149862"
"1964-10-31 00:00:00",,,1.2,1.3,,60.7,,5.1,,,,,,,uploaded_file,"2026-03-03 20:57:27.149862"
"1964-11-30 00:00:00",,,1.4,1.6,,61.8,,4.8,,,,,,,uploaded_file,"2026-03-03 20:57:27.149862"
"1964-12-31 00:00:00",1.2,5.1579,1.2,1.2,,62.4,,5.0,,,,,,,uploaded_file,"2026-03-03 20:57:27.149862"
"1965-01-31 00:00:00",,,1.1,1.2,,61.0,,4.9,,,,,,,uploaded_file,"2026-03-03 20:57:27.149862"
"1965-02-28 00:00:00",,,1.2,1.2,,62.1,,5.1,,,,,,,uploaded_file,"2026-03-03 20:57:27.149862"
"1965-03-31 00:00:00",10.0,5.4768,1.2,1.2,,64.9,,4.7,,,,,,,uploaded_file,"2026-03-03 20:57:27.149862"
"1965-04-30 00:00:00",,,1.4,1.6,,62.0,,4.8,,,,,,,uploaded_file,"2026-03-03 20:57:27.149862"
"1965-05-31 00:00:00",,,1.6,1.6,,61.3,,4.6,,,,,,,uploaded_file,"2026-03-03 20:57:27.149862"
"1965-06-30 00:00:00",5.2,5.6595,1.9,1.2,,58.7,,4.6,,,,,,,uploaded_file,"2026-03-03 20:57:27.149862"
"1965-07-31 00:00:00",,,1.8,1.2,,58.1,,4.4,,,,,,,uploaded_file,"2026-03-03 20:57:27.149862"
"1965-08-31 00:00:00",,,1.6,1.2,,58.1,,4.4,,,,,,,uploaded_file,"2026-03-03 20:57:27.149862"
"1965-09-30 00:00:00",9.2,6.3473,1.7,1.5,,61.0,,4.3,,,,,,,uploaded_file,"2026-03-03 20:57:27.149862"
"1965-10-31 00:00:00",,,1.7,1.2,,58.6,,4.2,,,,,,,uploaded_file,"2026-03-03 20:57:27.149862"
"1965-11-30 00:00:00",,,1.7,1.2,,59.4,,4.1,,,,,,,uploaded_file,"2026-03-03 20:57:27.149862"
"1965-12-31 00:00:00",9.5,8.4644,1.9,1.5,,62.8,,4.0,,,,,,,uploaded_file,"2026-03-03 20:57:27.149862"
"1966-01-31 00:00:00",,,1.9,1.2,,65.8,,4.0,,,,,,,uploaded_file,"2026-03-03 20:57:27.149862"
"1966-02-28 00:00:00",,,2.6,1.5,,65.5,,3.8,,,,,,,uploaded_file,"2026-03-03 20:57:27.149862"
"1966-03-31 00:00:00",10.1,8.4776,2.8,1.5,,65.7,,3.8,,,,,,,uploaded_file,"2026-03-03 20:57:27.149862"
"1966-04-30 00:00:00",,,2.9,1.8,,64.2,,3.8,,,,,,,uploaded_file,"2026-03-03 20:57:27.149862"
"1966-05-31 00:00:00",,,2.8,2.1,,57.7,,3.9,,,,,,,uploaded_file,"2026-03-03 20:57:27.149862"
"1966-06-30 00:00:00",1.4,7.4889,2.4,2.4,,59.0,,3.8,,,,,,,uploaded_file,"2026-03-03 20:57:27.149862"
"1966-07-31 00:00:00",,,2.8,2.8,,60.3,,3.8,,,,,,,uploaded_file,"2026-03-03 20:57:27.149862"
"1966-08-31 00:00:00",,,3.5,3.1,,58.5,,3.8,,,,,,,uploaded_file,"2026-03-03 20:57:27.149862"
"1966-09-30 00:00:00",3.4,6.0438,3.6,3.0,,58.7,,3.7,,,,,,,uploaded_file,"2026-03-03 20:57:27.149862"
"1966-10-31 00:00:00",,,3.8,3.7,,57.2,,3.7,,,,,,,uploaded_file,"2026-03-03 20:57:27.149862"
"1966-11-30 00:00:00",,,3.6,3.3,,53.7,,3.6,,,,,,,uploaded_file,"2026-03-03 20:57:27.149862"
"1966-12-31 00:00:00",3.3,4.5027,3.4,3.3,,52.4,,3.8,,,,,,,uploaded_file,"2026-03-03 20:57:27.149862"
"1967-01-31 00:00:00",,,3.2,3.6,,49.1,,3.9,,,,,,,uploaded_file,"2026-03-03 20:57:27.149862"
"1967-02-28 00:00:00",,,2.9,3.3,,47.6,,3.8,,,,,,,uploaded_file,"2026-03-03 20:57:27.149862"
"1967-03-31 00:00:00",3.6,2.9248,2.5,3.6,,45.3,,3.8,,,,,,,uploaded_file,"2026-03-03 20:57:27.149862"
"1967-04-30 00:00:00",,,2.5,3.3,,42.8,,3.8,,,,,,,uploaded_file,"2026-03-03 20:57:27.149862"
"1967-05-31 00:00:00",,,2.3,3.3,,44.5,,3.8,,,,,,,uploaded_file,"2026-03-03 20:57:27.149862"
"1967-06-30 00:00:00",0.2,2.639,2.8,3.3,,46.8,,3.9,,,,,,,uploaded_file,"2026-03-03 20:57:27.149862"
"1967-07-31 00:00:00",,,2.9,3.3,,49.5,,3.8,,,,,,,uploaded_file,"2026-03-03 20:57:27.149862"
"1967-08-31 00:00:00",,,2.6,3.6,,52.2,,3.8,,,,,,,uploaded_file,"2026-03-03 20:57:27.149862"
"1967-09-30 00:00:00",3.8,2.7379,2.6,3.6,,54.9,,3.8,,,,,,,uploaded_file,"2026-03-03 20:57:27.149862"
"1967-10-31 00:00:00",,,2.6,3.2,,54.1,,4.0,,,,,,,uploaded_file,"2026-03-03 20:57:27.149862"
"1967-11-30 00:00:00",,,3.1,3.5,,54.2,,3.9,,,,,,,uploaded_file,"2026-03-03 20:57:27.149862"
"1967-12-31 00:00:00",3.1,2.6722,3.3,3.8,,55.6,,3.8,,,,,,,uploaded_file,"2026-03-03 20:57:27.149862"
"1968-01-31 00:00:00",,,3.6,3.8,,56.6,,3.7,,,,,,,uploaded_file,"2026-03-03 20:57:27.149862"
"1968-02-29 00:00:00",,,3.6,4.4,,55.0,,3.8,,,,,,,uploaded_file,"2026-03-03 20:57:27.149862"
"1968-03-31 00:00:00",8.4,3.8458,3.9,4.4,,53.8,,3.7,,,,,,,uploaded_file,"2026-03-03 20:57:27.149862"
"1968-04-30 00:00:00",,,3.9,4.4,,58.0,,3.5,,,,,,,uploaded_file,"2026-03-03 20:57:27.149862"
"1968-05-31 00:00:00",,,4.2,4.3,,55.3,,3.5,,,,,,,uploaded_file,"2026-03-03 20:57:27.149862"
"1968-06-30 00:00:00",6.9,5.5137,4.2,4.6,,53.5,,3.7,,,,,,,uploaded_file,"2026-03-03 20:57:27.149862"
"1968-07-31 00:00:00",,,4.5,4.9,,54.1,,3.7,,,,,,,uploaded_file,"2026-03-03 20:57:27.149862"
"1968-08-31 00:00:00",,,4.5,4.6,,52.7,,3.5,,,,,,,uploaded_file,"2026-03-03 20:57:27.149862"
"1968-09-30 00:00:00",3.1,5.336,4.5,4.9,,51.8,,3.4,,,,,,,uploaded_file,"2026-03-03 20:57:27.149862"
"1968-10-31 00:00:00",,,4.7,5.1,,55.8,,3.4,,,,,,,uploaded_file,"2026-03-03 20:57:27.149862"
"1968-11-30 00:00:00",,,4.4,5.4,,58.1,,3.4,,,,,,,uploaded_file,"2026-03-03 20:57:27.149862"
"1968-12-31 00:00:00",1.6,4.9571,4.7,5.1,,56.1,,3.4,,,,,,,uploaded_file,"2026-03-03 20:57:27.149862"
"1969-01-31 00:00:00",,,4.7,5.1,,54.9,,3.4,,,,,,,uploaded_file,"2026-03-03 20:57:27.149862"
"1969-02-28 00:00:00",,,4.7,5.3,,57.0,,3.4,,,,,,,uploaded_file,"2026-03-03 20:57:27.149862"
"1969-03-31 00:00:00",6.4,4.4685,5.2,5.6,,57.1,,3.4,,,,,,,uploaded_file,"2026-03-03 20:57:27.149862"
"1969-04-30 00:00:00",,,5.5,6.1,,55.2,,3.4,,,,,,,uploaded_file,"2026-03-03 20:57:27.149862"
"1969-05-31 00:00:00",,,5.5,5.8,,56.7,,3.4,,,,,,,uploaded_file,"2026-03-03 20:57:27.149862"
"1969-06-30 00:00:00",1.2,3.065,5.5,5.8,,55.5,,3.5,,,,,,,uploaded_file,"2026-03-03 20:57:27.149862"
"1969-07-31 00:00:00",,,5.4,5.8,,53.1,,3.5,,,,,,,uploaded_file,"2026-03-03 20:57:27.149862"
"1969-08-31 00:00:00",,,5.4,6.0,,54.8,,3.5,,,,,,,uploaded_file,"2026-03-03 20:57:27.149862"
"1969-09-30 00:00:00",2.7,2.9468,5.7,6.0,,54.1,,3.7,,,,,,,uploaded_file,"2026-03-03 20:57:27.149862"
"1969-10-31 00:00:00",,,5.7,6.0,,54.6,,3.7,,,,,,,uploaded_file,"2026-03-03 20:57:27.149862"
"1969-11-30 00:00:00",,,5.9,5.7,,53.2,,3.5,,,,,,,uploaded_file,"2026-03-03 20:57:27.149862"
"1969-12-31 00:00:00",-1.9,2.0453,5.9,5.9,,52.0,,3.5,,,,,,,uploaded_file,"2026-03-03 20:57:27.149862"
"1970-01-31 00:00:00",,,6.2,6.2,,48.7,,3.9,,,,,,,uploaded_file,"2026-03-03 20:57:27.149862"
"1970-02-28 00:00:00",,,6.4,5.9,,47.4,,4.2,,,,,,,uploaded_file,"2026-03-03 20:57:27.149862"
"1970-03-31 00:00:00",-0.6,0.3236,6.1,6.1,,46.9,,4.4,,,,,,,uploaded_file,"2026-03-03 20:57:27.149862"
"1970-04-30 00:00:00",,,6.1,6.0,,45.0,,4.6,,,,,,,uploaded_file,"2026-03-03 20:57:27.149862"
"1970-05-31 00:00:00",,,6.0,6.3,,47.2,,4.8,,,,,,,uploaded_file,"2026-03-03 20:57:27.149862"
"1970-06-30 00:00:00",0.6,0.1623,6.0,6.5,,51.1,,4.9,,,,,,,uploaded_file,"2026-03-03 20:57:27.149862"
"1970-07-31 00:00:00",,,5.7,6.2,,49.5,,5.0,,,,,,,uploaded_file,"2026-03-03 20:57:27.149862"
"1970-08-31 00:00:00",,,5.7,6.2,,47.3,,5.1,,,,,,,uploaded_file,"2026-03-03 20:57:27.149862"
"1970-09-30 00:00:00",3.7,0.4218,5.7,6.2,,44.1,,5.4,,,,,,,uploaded_file,"2026-03-03 20:57:27.149862"
"1970-10-31 00:00:00",,,5.6,6.1,,42.4,,5.5,,,,,,,uploaded_file,"2026-03-03 20:57:27.149862"
"1970-11-30 00:00:00",,,5.6,6.6,,39.7,,5.9,,,,,,,uploaded_file,"2026-03-03 20:57:27.149862"
"1970-12-31 00:00:00",-4.2,-0.1677,5.6,6.6,,45.4,,6.1,,,,,,,uploaded_file,"2026-03-03 20:57:27.149862"
"1971-01-31 00:00:00",,,5.3,6.3,,47.9,,5.9,,,,,,,uploaded_file,"2026-03-03 20:57:27.149862"
"1971-02-28 00:00:00",,,4.7,6.0,,54.8,,5.9,,,,,,,uploaded_file,"2026-03-03 20:57:27.149862"
"1971-03-31 00:00:00",11.3,2.6959,4.4,5.2,,51.2,,6.0,,,,,,,uploaded_file,"2026-03-03 20:57:27.149862"
"1971-04-30 00:00:00",,,4.2,5.0,,54.5,,5.9,,,,,,,uploaded_file,"2026-03-03 20:57:27.149862"
"1971-05-31 00:00:00",,,4.4,5.2,,54.2,,5.9,,,,,,,uploaded_file,"2026-03-03 20:57:27.149862"
"1971-06-30 00:00:00",2.2,3.1065,4.4,4.9,,53.8,,5.9,,,,,,,uploaded_file,"2026-03-03 20:57:27.149862"
"1971-07-31 00:00:00",,,4.4,4.9,,54.4,,6.0,,,,,,,uploaded_file,"2026-03-03 20:57:27.149862"
"1971-08-31 00:00:00",,,4.4,4.6,,53.6,,6.1,,,,,,,uploaded_file,"2026-03-03 20:57:27.149862"
"1971-09-30 00:00:00",3.3,3.0054,4.1,4.1,,55.1,,6.0,,,,,,,uploaded_file,"2026-03-03 20:57:27.149862"
"1971-10-31 00:00:00",,,3.8,3.9,,55.0,,5.8,,,,,,,uploaded_file,"2026-03-03 20:57:27.149862"
"1971-11-30 00:00:00",,,3.5,3.3,,52.3,,6.0,,,,,,,uploaded_file,"2026-03-03 20:57:27.149862"
"1971-12-31 00:00:00",0.9,4.3644,3.3,3.1,,57.6,,6.0,,,,,,,uploaded_file,"2026-03-03 20:57:27.149862"
"1972-01-31 00:00:00",,,3.3,3.3,,59.6,,5.8,,,,,,,uploaded_file,"2026-03-03 20:57:27.149862"
"1972-02-29 00:00:00",,,3.8,3.3,,60.6,,5.7,,,,,,,uploaded_file,"2026-03-03 20:57:27.149862"
"1972-03-31 00:00:00",7.6,3.472,3.5,3.3,,59.8,,5.8,,,,,,,uploaded_file,"2026-03-03 20:57:27.149862"
"1972-04-30 00:00:00",,,3.5,3.3,,59.3,,5.7,,,,,,,uploaded_file,"2026-03-03 20:57:27.149862"
"1972-05-31 00:00:00",,,3.2,3.1,,61.4,,5.7,,,,,,,uploaded_file,"2026-03-03 20:57:27.149862"
"1972-06-30 00:00:00",9.4,5.2511,3.0,2.8,,58.6,,5.7,,,,,,,uploaded_file,"2026-03-03 20:57:27.149862"
"1972-07-31 00:00:00",,,3.0,2.8,,60.1,,5.6,,,,,,,uploaded_file,"2026-03-03 20:57:27.149862"
"1972-08-31 00:00:00",,,2.9,3.0,,61.7,,5.6,,,,,,,uploaded_file,"2026-03-03 20:57:27.149862"
"1972-09-30 00:00:00",3.8,5.3787,3.2,3.0,,65.1,,5.5,,,,,,,uploaded_file,"2026-03-03 20:57:27.149862"
"1972-10-31 00:00:00",,,3.2,3.0,,67.0,,5.6,,,,,,,uploaded_file,"2026-03-03 20:57:27.149862"
"1972-11-30 00:00:00",,,3.4,2.8,,69.9,,5.3,,,,,,,uploaded_file,"2026-03-03 20:57:27.149862"
"1972-12-31 00:00:00",6.9,6.8921,3.4,3.0,,70.5,,5.2,,,,,,,uploaded_file,"2026-03-03 20:57:27.149862"
"1973-01-31 00:00:00",,,3.6,2.5,,72.1,,4.9,,,,,,,uploaded_file,"2026-03-03 20:57:27.149862"
"1973-02-28 00:00:00",,,3.9,2.8,,69.6,,5.0,,,,,,,uploaded_file,"2026-03-03 20:57:27.149862"
"1973-03-31 00:00:00",10.3,7.5613,4.8,3.2,,69.6,,4.9,,,,,,,uploaded_file,"2026-03-03 20:57:27.149862"
"1973-04-30 00:00:00",,,5.3,3.0,,67.7,,5.0,,,,,,,uploaded_file,"2026-03-03 20:57:27.149862"
"1973-05-31 00:00:00",,,5.5,3.2,,64.8,,4.9,,,,,,,uploaded_file,"2026-03-03 20:57:27.149862"
"1973-06-30 00:00:00",4.4,6.3189,6.0,3.2,,65.0,,4.9,,,,,,,uploaded_file,"2026-03-03 20:57:27.149862"
"1973-07-31 00:00:00",,,5.7,3.2,,57.8,,4.8,,,,,,,uploaded_file,"2026-03-03 20:57:27.149862"
"1973-08-31 00:00:00",,,7.4,3.2,,62.7,,4.8,,,,,,,uploaded_file,"2026-03-03 20:57:27.149862"
"1973-09-30 00:00:00",-2.1,4.7705,7.4,3.8,,63.5,,4.8,,,,,,,uploaded_file,"2026-03-03 20:57:27.149862"
"1973-10-31 00:00:00",,,8.1,4.3,,66.2,,4.6,,,,,,,uploaded_file,"2026-03-03 20:57:27.149862"
"1973-11-30 00:00:00",,,8.3,4.7,,68.1,,4.8,,,,,,,uploaded_file,"2026-03-03 20:57:27.149862"
"1973-12-31 00:00:00",3.9,4.0239,8.9,4.7,,63.6,,4.9,,,,,,,uploaded_file,"2026-03-03 20:57:27.149862"
"1974-01-31 00:00:00",,,9.6,5.2,,62.1,,5.1,,,,,,,uploaded_file,"2026-03-03 20:57:27.149862"
"1974-02-28 00:00:00",,,10.0,5.4,,58.6,,5.2,,,,,,,uploaded_file,"2026-03-03 20:57:27.149862"
"1974-03-31 00:00:00",-3.4,0.6404,10.1,5.8,,61.8,,5.1,,,,,,,uploaded_file,"2026-03-03 20:57:27.149862"
"1974-04-30 00:00:00",,,10.1,6.2,,59.9,,5.1,,,,,,,uploaded_file,"2026-03-03 20:57:27.149862"
"1974-05-31 00:00:00",,,10.7,7.1,,55.7,,5.1,,,,,,,uploaded_file,"2026-03-03 20:57:27.149862"
"1974-06-30 00:00:00",1.0,-0.2074,10.9,7.9,,54.7,,5.4,,,,,,,uploaded_file,"2026-03-03 20:57:27.149862"
"1974-07-31 00:00:00",,,11.5,8.8,,54.8,,5.5,,,,,,,uploaded_file,"2026-03-03 20:57:27.149862"
"1974-08-31 00:00:00",,,10.9,9.8,,52.9,,5.5,,,,,,,uploaded_file,"2026-03-03 20:57:27.149862"
"1974-09-30 00:00:00",-3.7,-0.6287,11.9,10.2,,46.2,,5.9,,,,,,,uploaded_file,"2026-03-03 20:57:27.149862"
"1974-10-31 00:00:00",,,11.8,10.6,,42.7,,6.0,,,,,,,uploaded_file,"2026-03-03 20:57:27.149862"
"1974-11-30 00:00:00",,,12.2,11.0,,37.9,,6.6,,,,,,,uploaded_file,"2026-03-03 20:57:27.149862"
"1974-12-31 00:00:00",-1.5,-1.9447,12.1,11.3,,30.9,,7.2,,,,,,,uploaded_file,"2026-03-03 20:57:27.149862"
"1975-01-31 00:00:00",,,11.8,11.5,,30.7,,8.1,,,,,,,uploaded_file,"2026-03-03 20:57:27.149862"
"1975-02-28 00:00:00",,,11.2,11.9,,34.4,,8.1,,,,,,,uploaded_file,"2026-03-03 20:57:27.149862"
"1975-03-31 00:00:00",-4.8,-2.301,10.5,11.3,,31.6,,8.6,,,,,,,uploaded_file,"2026-03-03 20:57:27.149862"
"1975-04-30 00:00:00",,,10.2,11.3,,37.5,,8.8,,,,,,,uploaded_file,"2026-03-03 20:57:27.149862"
"1975-05-31 00:00:00",,,9.3,10.3,,41.2,,9.0,,,,,,,uploaded_file,"2026-03-03 20:57:27.149862"
"1975-06-30 00:00:00",2.9,-1.8358,9.2,9.8,,45.1,,8.8,,,,,,,uploaded_file,"2026-03-03 20:57:27.149862"
"1975-07-31 00:00:00",,,9.5,9.1,,47.2,,8.6,,,,,,,uploaded_file,"2026-03-03 20:57:27.149862"
"1975-08-31 00:00:00",,,8.6,8.0,,51.4,,8.4,,,,,,,uploaded_file,"2026-03-03 20:57:27.149862"
"1975-09-30 00:00:00",7.0,0.7978,7.9,7.5,,54.4,,8.4,,,,,,,uploaded_file,"2026-03-03 20:57:27.149862"
"1975-10-31 00:00:00",,,7.6,7.0,,55.5,,8.4,,,,,,,uploaded_file,"2026-03-03 20:57:27.149862"
"1975-11-30 00:00:00",,,7.4,7.0,,54.5,,8.3,,,,,,,uploaded_file,"2026-03-03 20:57:27.149862"
"1975-12-31 00:00:00",5.5,2.5537,7.1,6.7,,54.9,,8.2,,,,,,,uploaded_file,"2026-03-03 20:57:27.149862"
"1976-01-31 00:00:00",,,6.7,6.9,,58.8,,7.9,,,,,,,uploaded_file,"2026-03-03 20:57:27.149862"
"1976-02-29 00:00:00",,,6.3,6.4,,61.5,,7.7,,,,,,,uploaded_file,"2026-03-03 20:57:27.149862"
"1976-03-31 00:00:00",9.3,6.1541,6.1,6.6,,58.4,,7.6,,,,,,,uploaded_file,"2026-03-03 20:57:27.149862"
"1976-04-30 00:00:00",,,5.8,6.4,,60.6,,7.7,,,,,,,uploaded_file,"2026-03-03 20:57:27.149862"
"1976-05-31 00:00:00",,,6.2,6.5,,58.8,,7.4,,,,,,,uploaded_file,"2026-03-03 20:57:27.149862"
"1976-06-30 00:00:00",3.0,6.1737,6.0,6.3,,58.2,,7.6,,,,,,,uploaded_file,"2026-03-03 20:57:27.149862"
"1976-07-31 00:00:00",,,5.6,6.7,,55.9,,7.8,,,,,,,uploaded_file,"2026-03-03 20:57:27.149862"
"1976-08-31 00:00:00",,,5.7,6.8,,54.5,,7.8,,,,,,,uploaded_file,"2026-03-03 20:57:27.149862"
"1976-09-30 00:00:00",2.2,4.9588,5.5,6.8,,53.6,,7.6,,,,,,,uploaded_file,"2026-03-03 20:57:27.149862"
"1976-10-31 00:00:00",,,5.5,6.8,,53.5,,7.7,,,,,,,uploaded_file,"2026-03-03 20:57:27.149862"
"1976-11-30 00:00:00",,,5.1,6.3,,51.7,,7.8,,,,,,,uploaded_file,"2026-03-03 20:57:27.149862"
"1976-12-31 00:00:00",2.9,4.3124,5.0,6.1,,56.6,,7.8,,,,,,,uploaded_file,"2026-03-03 20:57:27.149862"
"1977-01-31 00:00:00",,,5.2,6.1,,54.8,,7.5,,,,,,,uploaded_file,"2026-03-03 20:57:27.149862"
"1977-02-28 00:00:00",,,6.1,6.2,,55.0,,7.6,,,,,,,uploaded_file,"2026-03-03 20:57:27.149862"
"1977-03-31 00:00:00",4.8,3.2276,6.4,6.2,,58.4,,7.4,,,,,,,uploaded_file,"2026-03-03 20:57:27.149862"
"1977-04-30 00:00:00",,,7.0,6.3,,56.9,,7.2,,,,,,,uploaded_file,"2026-03-03 20:57:27.149862"
"1977-05-31 00:00:00",,,6.7,6.3,,59.7,,7.0,,,,,,,uploaded_file,"2026-03-03 20:57:27.149862"
"1977-06-30 00:00:00",8.0,4.4662,6.7,6.6,,56.8,,7.2,,,,,,,uploaded_file,"2026-03-03 20:57:27.149862"
"1977-07-31 00:00:00",,,6.7,6.3,,57.7,,6.9,,,,,,,uploaded_file,"2026-03-03 20:57:27.149862"
"1977-08-31 00:00:00",,,6.6,6.2,,54.9,,7.0,,,,,,,uploaded_file,"2026-03-03 20:57:27.149862"
"1977-09-30 00:00:00",7.4,5.7706,6.4,6.2,,53.9,,6.8,,,,,,,uploaded_file,"2026-03-03 20:57:27.149862"
"1977-10-31 00:00:00",,,6.4,6.0,,55.4,,6.8,,,,,,,uploaded_file,"2026-03-03 20:57:27.149862"
"1977-11-30 00:00:00",,,6.7,6.1,,56.1,,6.8,,,,,,,uploaded_file,"2026-03-03 20:57:27.149862"
"1977-12-31 00:00:00",0.0,5.013,6.7,6.5,,59.8,,6.4,,,,,,,uploaded_file,"2026-03-03 20:57:27.149862"
"1978-01-31 00:00:00",,,6.8,6.4,,57.4,,6.4,,,,,,,uploaded_file,"2026-03-03 20:57:27.149862"
"1978-02-28 00:00:00",,,6.2,6.2,,55.9,,6.3,,,,,,,uploaded_file,"2026-03-03 20:57:27.149862"
"1978-03-31 00:00:00",1.3,4.1148,6.4,6.3,,55.0,,6.3,,,,,,,uploaded_file,"2026-03-03 20:57:27.149862"
"1978-04-30 00:00:00",,,6.5,6.6,,57.7,,6.1,,,,,,,uploaded_file,"2026-03-03 20:57:27.149862"
"1978-05-31 00:00:00",,,7.1,6.8,,60.2,,6.0,,,,,,,uploaded_file,"2026-03-03 20:57:27.149862"
"1978-06-30 00:00:00",16.4,6.0771,7.4,6.9,,60.5,,5.9,,,,,,,uploaded_file,"2026-03-03 20:57:27.149862"
"1978-07-31 00:00:00",,,7.7,7.2,,62.2,,6.2,,,,,,,uploaded_file,"2026-03-03 20:57:27.149862"
"1978-08-31 00:00:00",,,7.9,7.5,,60.3,,5.9,,,,,,,uploaded_file,"2026-03-03 20:57:27.149862"
"1978-09-30 00:00:00",4.1,5.2461,8.5,7.9,,60.5,,6.0,,,,,,,uploaded_file,"2026-03-03 20:57:27.149862"
"1978-10-31 00:00:00",,,8.9,8.4,,60.1,,5.8,,,,,,,uploaded_file,"2026-03-03 20:57:27.149862"
"1978-11-30 00:00:00",,,8.9,8.5,,61.3,,5.9,,,,,,,uploaded_file,"2026-03-03 20:57:27.149862"
"1978-12-31 00:00:00",5.5,6.6602,9.0,8.5,,59.4,,6.0,,,,,,,uploaded_file,"2026-03-03 20:57:27.149862"
"1979-01-31 00:00:00",,,9.3,8.6,,58.5,,5.9,,,,,,,uploaded_file,"2026-03-03 20:57:27.149862"
"1979-02-28 00:00:00",,,9.8,9.1,,58.2,,5.9,,,,,,,uploaded_file,"2026-03-03 20:57:27.149862"
"1979-03-31 00:00:00",0.7,6.5094,10.3,9.4,,57.7,,5.8,,,,,,,uploaded_file,"2026-03-03 20:57:27.149862"
"1979-04-30 00:00:00",,,10.5,9.3,,56.2,,5.8,,,,,,,uploaded_file,"2026-03-03 20:57:27.149862"
"1979-05-31 00:00:00",,,10.7,9.4,,54.4,,5.6,,,,,,,uploaded_file,"2026-03-03 20:57:27.149862"
"1979-06-30 00:00:00",0.4,2.6576,11.1,9.4,,52.7,,5.7,,,,,,,uploaded_file,"2026-03-03 20:57:27.149862"
"1979-07-31 00:00:00",,,11.5,9.6,,51.3,,5.7,,,,,,,uploaded_file,"2026-03-03 20:57:27.149862"
"1979-08-31 00:00:00",,,11.8,10.0,,49.5,,6.0,,,,,,,uploaded_file,"2026-03-03 20:57:27.149862"
"1979-09-30 00:00:00",3.0,2.3899,11.9,9.9,,49.6,,5.9,,,,,,,uploaded_file,"2026-03-03 20:57:27.149862"
"1979-10-31 00:00:00",,,12.1,10.1,,49.0,,6.0,,,,,,,uploaded_file,"2026-03-03 20:57:27.149862"
"1979-11-30 00:00:00",,,12.6,10.7,,48.0,,5.9,,,,,,,uploaded_file,"2026-03-03 20:57:27.149862"
"1979-12-31 00:00:00",1.0,1.2829,13.3,11.3,,44.8,,6.0,,,,,,,uploaded_file,"2026-03-03 20:57:27.149862"
"1980-01-31 00:00:00",,,13.9,12.0,,46.2,,6.3,,,,,,,uploaded_file,"2026-03-03 20:57:27.149862"
"1980-02-29 00:00:00",,,14.2,12.0,,50.2,,6.3,,,,,,,uploaded_file,"2026-03-03 20:57:27.149862"
"1980-03-31 00:00:00",1.3,1.4215,14.6,12.6,,43.6,,6.3,,,,,,,uploaded_file,"2026-03-03 20:57:27.149862"
"1980-04-30 00:00:00",,,14.6,13.1,,37.4,,6.9,,,,,,,uploaded_file,"2026-03-03 20:57:27.149862"
"1980-05-31 00:00:00",,,14.4,13.1,,29.4,,7.5,,,,,,,uploaded_file,"2026-03-03 20:57:27.149862"
"1980-06-30 00:00:00",-8.0,-0.7755,14.3,13.6,,30.3,,7.6,,,,,,,uploaded_file,"2026-03-03 20:57:27.149862"
"1980-07-31 00:00:00",,,13.2,12.4,,35.0,,7.8,,,,,,,uploaded_file,"2026-03-03 20:57:27.149862"
"1980-08-31 00:00:00",,,12.9,11.8,,45.5,,7.7,,,,,,,uploaded_file,"2026-03-03 20:57:27.149862"
"1980-09-30 00:00:00",-0.5,-1.6246,12.8,12.0,,50.1,,7.5,,,,,,,uploaded_file,"2026-03-03 20:57:27.149862"
"1980-10-31 00:00:00",,,12.6,12.2,,55.5,,7.5,,,,,,,uploaded_file,"2026-03-03 20:57:27.149862"
"1980-11-30 00:00:00",,,12.6,12.2,,58.2,,7.5,,,,,,,uploaded_file,"2026-03-03 20:57:27.149862"
"1980-12-31 00:00:00",7.7,-0.0383,12.4,12.2,,53.0,,7.2,,,,,,,uploaded_file,"2026-03-03 20:57:27.149862"
"1981-01-31 00:00:00",,,11.8,11.3,,49.2,,7.5,,,,,,,uploaded_file,"2026-03-03 20:57:27.149862"
"1981-02-28 00:00:00",,,11.4,10.8,,48.8,,7.4,,,,,,,uploaded_file,"2026-03-03 20:57:27.149862"
"1981-03-31 00:00:00",8.1,1.5991,10.6,9.9,,49.6,,7.4,,,,,,,uploaded_file,"2026-03-03 20:57:27.149862"
"1981-04-30 00:00:00",,,10.1,9.4,,51.6,,7.2,,,,,,,uploaded_file,"2026-03-03 20:57:27.149862"
"1981-05-31 00:00:00",,,9.8,9.6,,53.5,,7.5,,,,,,,uploaded_file,"2026-03-03 20:57:27.149862"
"1981-06-30 00:00:00",-2.9,2.9679,9.7,9.4,,50.7,,7.5,,,,,,,uploaded_file,"2026-03-03 20:57:27.149862"
"1981-07-31 00:00:00",,,10.8,11.1,,46.7,,7.2,,,,,,,uploaded_file,"2026-03-03 20:57:27.149862"
"1981-08-31 00:00:00",,,10.8,11.6,,48.3,,7.4,,,,,,,uploaded_file,"2026-03-03 20:57:27.149862"
"1981-09-30 00:00:00",4.9,4.3263,11.0,11.8,,42.5,,7.6,,,,,,,uploaded_file,"2026-03-03 20:57:27.149862"
"1981-10-31 00:00:00",,,10.3,11.0,,40.0,,7.9,,,,,,,uploaded_file,"2026-03-03 20:57:27.149862"
"1981-11-30 00:00:00",,,9.6,10.3,,36.1,,8.3,,,,,,,uploaded_file,"2026-03-03 20:57:27.149862"
"1981-12-31 00:00:00",-4.3,1.2999,8.9,9.5,,37.8,,8.5,,,,,,,uploaded_file,"2026-03-03 20:57:27.149862"
"1982-01-31 00:00:00",,,8.3,9.3,,38.2,,8.6,,,,,,,uploaded_file,"2026-03-03 20:57:27.149862"
"1982-02-28 00:00:00",,,7.6,9.2,,38.3,,8.9,,,,,,,uploaded_file,"2026-03-03 20:57:27.149862"
"1982-03-31 00:00:00",-6.1,-2.1906,6.9,8.7,,36.8,,9.0,,,,,,,uploaded_file,"2026-03-03 20:57:27.149862"
"1982-04-30 00:00:00",,,6.6,8.9,,37.8,,9.3,,,,,,,uploaded_file,"2026-03-03 20:57:27.149862"
"1982-05-31 00:00:00",,,6.9,8.7,,35.5,,9.4,,,,,,,uploaded_file,"2026-03-03 20:57:27.149862"
"1982-06-30 00:00:00",1.8,-1.0103,7.2,8.5,,38.3,,9.6,,,,,,,uploaded_file,"2026-03-03 20:57:27.149862"
"1982-07-31 00:00:00",,,6.6,7.7,,38.4,,9.8,,,,,,,uploaded_file,"2026-03-03 20:57:27.149862"
"1982-08-31 00:00:00",,,6.0,7.1,,38.3,,9.8,,,,,,,uploaded_file,"2026-03-03 20:57:27.149862"
"1982-09-30 00:00:00",-1.5,-2.5559,4.9,5.9,,38.8,,10.1,,,,,,,uploaded_file,"2026-03-03 20:57:27.149862"
"1982-10-31 00:00:00",,,5.0,5.9,,39.4,,10.4,,,,,,,uploaded_file,"2026-03-03 20:57:27.149862"
"1982-11-30 00:00:00",,,4.5,5.2,,39.2,,10.8,,,,,,,uploaded_file,"2026-03-03 20:57:27.149862"
"1982-12-31 00:00:00",0.2,-1.4438,3.8,4.5,,42.8,,10.8,,,,,,,uploaded_file,"2026-03-03 20:57:27.149862"
"1983-01-31 00:00:00",,,3.7,4.6,,46.0,,10.4,,,,,,,uploaded_file,"2026-03-03 20:57:27.149862"
"1983-02-28 00:00:00",,,3.5,4.5,,54.4,,10.4,,,,,,,uploaded_file,"2026-03-03 20:57:27.149862"
"1983-03-31 00:00:00",5.4,1.4324,3.6,4.6,,53.9,,10.3,,,,,,,uploaded_file,"2026-03-03 20:57:27.149862"
"1983-04-30 00:00:00",,,4.0,4.1,,54.2,,10.2,,,,,,,uploaded_file,"2026-03-03 20:57:27.149862"
"1983-05-31 00:00:00",,,3.4,3.7,,56.1,,10.1,,,,,,,uploaded_file,"2026-03-03 20:57:27.149862"
"1983-06-30 00:00:00",9.4,3.2692,2.5,3.2,,57.5,,10.1,,,,,,,uploaded_file,"2026-03-03 20:57:27.149862"
"1983-07-31 00:00:00",,,2.4,3.2,,63.6,,9.4,,,,,,,uploaded_file,"2026-03-03 20:57:27.149862"
"1983-08-31 00:00:00",,,2.5,3.1,,63.1,,9.5,,,,,,,uploaded_file,"2026-03-03 20:57:27.149862"
"1983-09-30 00:00:00",8.2,5.7363,2.8,3.4,,62.5,,9.2,,,,,,,uploaded_file,"2026-03-03 20:57:27.149862"
"1983-10-31 00:00:00",,,2.8,3.6,,64.4,,8.8,,,,,,,uploaded_file,"2026-03-03 20:57:27.149862"
"1983-11-30 00:00:00",,,3.2,4.3,,66.0,,8.5,,,,,,,uploaded_file,"2026-03-03 20:57:27.149862"
"1983-12-31 00:00:00",8.6,7.9,3.8,4.7,,69.9,,8.3,,,,,,,uploaded_file,"2026-03-03 20:57:27.149862"
"1984-01-31 00:00:00",,,4.3,5.0,,60.5,,8.0,,,,,,,uploaded_file,"2026-03-03 20:57:27.149862"
"1984-02-29 00:00:00",,,4.7,4.9,,61.3,,7.8,,,,,,,uploaded_file,"2026-03-03 20:57:27.149862"
"1984-03-31 00:00:00",8.1,8.5769,4.9,5.1,,58.9,,7.8,,,,,,,uploaded_file,"2026-03-03 20:57:27.149862"
"1984-04-30 00:00:00",,,4.6,5.2,,61.0,,7.7,,,,,,,uploaded_file,"2026-03-03 20:57:27.149862"
"1984-05-31 00:00:00",,,4.3,5.3,,58.6,,7.4,,,,,,,uploaded_file,"2026-03-03 20:57:27.149862"
"1984-06-30 00:00:00",7.1,7.9963,4.3,5.3,,58.1,,7.2,,,,,,,uploaded_file,"2026-03-03 20:57:27.149862"
"1984-07-31 00:00:00",,,4.3,5.2,,56.1,,7.5,,,,,,,uploaded_file,"2026-03-03 20:57:27.149862"
"1984-08-31 00:00:00",,,4.3,5.3,,53.0,,7.5,,,,,,,uploaded_file,"2026-03-03 20:57:27.149862"
"1984-09-30 00:00:00",3.9,6.9018,4.3,5.3,,50.0,,7.3,,,,,,,uploaded_file,"2026-03-03 20:57:27.149862"
"1984-10-31 00:00:00",,,4.3,5.1,,50.8,,7.4,,,,,,,uploaded_file,"2026-03-03 20:57:27.149862"
"1984-11-30 00:00:00",,,4.2,4.8,,50.3,,7.2,,,,,,,uploaded_file,"2026-03-03 20:57:27.149862"
"1984-12-31 00:00:00",3.3,5.5756,4.0,4.9,,50.6,,7.3,,,,,,,uploaded_file,"2026-03-03 20:57:27.149862"
"1985-01-31 00:00:00",,,3.5,4.5,,50.3,,7.3,,,,,,,uploaded_file,"2026-03-03 20:57:27.149862"
"1985-02-28 00:00:00",,,3.6,4.8,,49.9,,7.2,,,,,,,uploaded_file,"2026-03-03 20:57:27.149862"
"1985-03-31 00:00:00",3.9,4.5552,3.8,4.7,,47.8,,7.2,,,,,,,uploaded_file,"2026-03-03 20:57:27.149862"
"1985-04-30 00:00:00",,,3.6,4.5,,48.2,,7.3,,,,,,,uploaded_file,"2026-03-03 20:57:27.149862"
"1985-05-31 00:00:00",,,3.6,4.5,,47.1,,7.2,,,,,,,uploaded_file,"2026-03-03 20:57:27.149862"
"1985-06-30 00:00:00",3.6,3.6838,3.7,4.4,,47.8,,7.4,,,,,,,uploaded_file,"2026-03-03 20:57:27.149862"
"1985-07-31 00:00:00",,,3.5,4.2,,47.9,,7.4,,,,,,,uploaded_file,"2026-03-03 20:57:27.149862"
"1985-08-31 00:00:00",,,3.4,4.2,,47.7,,7.1,,,,,,,uploaded_file,"2026-03-03 20:57:27.149862"
"1985-09-30 00:00:00",6.3,4.2617,3.2,4.0,,49.9,,7.1,,,,,,,uploaded_file,"2026-03-03 20:57:27.149862"
"1985-10-31 00:00:00",,,3.2,4.0,,50.9,,7.1,,,,,,,uploaded_file,"2026-03-03 20:57:27.149862"
"1985-11-30 00:00:00",,,3.5,4.4,,52.0,,7.0,,,,,,,uploaded_file,"2026-03-03 20:57:27.149862"
"1985-12-31 00:00:00",3.0,4.1826,3.8,4.3,,50.7,,7.0,,,,,,,uploaded_file,"2026-03-03 20:57:27.149862"
"1986-01-31 00:00:00",,,4.0,4.5,,51.2,,6.7,,,,,,,uploaded_file,"2026-03-03 20:57:27.149862"
"1986-02-28 00:00:00",,,3.2,4.2,,51.0,,7.2,,,,,,,uploaded_file,"2026-03-03 20:57:27.149862"
"1986-03-31 00:00:00",3.8,4.146,2.2,4.1,,51.0,,7.2,,,,,,,uploaded_file,"2026-03-03 20:57:27.149862"
"1986-04-30 00:00:00",,,1.6,4.2,,49.7,,7.1,,,,,,,uploaded_file,"2026-03-03 20:57:27.149862"
"1986-05-31 00:00:00",,,1.7,4.0,,53.4,,7.2,,,,,,,uploaded_file,"2026-03-03 20:57:27.149862"
"1986-06-30 00:00:00",1.8,3.7016,1.8,3.9,,50.5,,7.2,,,,,,,uploaded_file,"2026-03-03 20:57:27.149862"
"1986-07-31 00:00:00",,,1.7,4.0,,48.0,,7.0,,,,,,,uploaded_file,"2026-03-03 20:57:27.149862"
"1986-08-31 00:00:00",,,1.6,4.0,,52.6,,6.9,,,,,,,uploaded_file,"2026-03-03 20:57:27.149862"
"1986-09-30 00:00:00",3.9,3.1194,1.8,4.2,,52.4,,7.0,,,,,,,uploaded_file,"2026-03-03 20:57:27.149862"
"1986-10-31 00:00:00",,,1.6,4.1,,51.2,,7.0,,,,,,,uploaded_file,"2026-03-03 20:57:27.149862"
"1986-11-30 00:00:00",,,1.3,3.8,,51.2,,6.9,,,,,,,uploaded_file,"2026-03-03 20:57:27.149862"
"1986-12-31 00:00:00",2.2,2.9072,1.2,3.8,,50.5,,6.6,,,,,,,uploaded_file,"2026-03-03 20:57:27.149862"
"1987-01-31 00:00:00",,,1.4,3.6,,54.9,,6.6,,,,,,,uploaded_file,"2026-03-03 20:57:27.149862"
"1987-02-28 00:00:00",,,1.9,3.6,,52.6,,6.6,,,,,,,uploaded_file,"2026-03-03 20:57:27.149862"
"1987-03-31 00:00:00",3.0,2.7123,2.8,3.6,,55.0,,6.6,,,,,,,uploaded_file,"2026-03-03 20:57:27.149862"
"1987-04-30 00:00:00",,,3.7,3.9,,55.5,,6.3,,,,,,,uploaded_file,"2026-03-03 20:57:27.149862"
"1987-05-31 00:00:00",,,3.7,4.1,,57.2,,6.3,,,,,,,uploaded_file,"2026-03-03 20:57:27.149862"
"1987-06-30 00:00:00",4.4,3.3544,3.7,4.0,,57.4,,6.2,,,,,,,uploaded_file,"2026-03-03 20:57:27.149862"
"1987-07-31 00:00:00",,,3.9,4.0,,57.5,,6.1,,,,,,,uploaded_file,"2026-03-03 20:57:27.149862"
"1987-08-31 00:00:00",,,4.3,3.9,,59.3,,6.0,,,,,,,uploaded_file,"2026-03-03 20:57:27.149862"
"1987-09-30 00:00:00",3.5,3.2617,4.3,4.0,,60.0,,5.9,,,,,,,uploaded_file,"2026-03-03 20:57:27.149862"
"1987-10-31 00:00:00",,,4.4,4.2,,60.7,,6.0,,,,,,,uploaded_file,"2026-03-03 20:57:27.149862"
"1987-11-30 00:00:00",,,4.5,4.2,,58.8,,5.8,,,,,,,uploaded_file,"2026-03-03 20:57:27.149862"
"1987-12-31 00:00:00",7.0,4.4741,4.3,4.2,,61.0,,5.7,,,,,,,uploaded_file,"2026-03-03 20:57:27.149862"
"1988-01-31 00:00:00",,,4.1,4.3,,57.5,,5.7,,,,,,,uploaded_file,"2026-03-03 20:57:27.149862"
"1988-02-29 00:00:00",,,3.9,4.3,,56.2,,5.7,,,,,,,uploaded_file,"2026-03-03 20:57:27.149862"
"1988-03-31 00:00:00",2.1,4.2409,3.8,4.4,,54.6,,5.7,,,,,,,uploaded_file,"2026-03-03 20:57:27.149862"
"1988-04-30 00:00:00",,,4.0,4.3,,55.8,,5.4,,,,,,,uploaded_file,"2026-03-03 20:57:27.149862"
"1988-05-31 00:00:00",,,4.0,4.2,,55.5,,5.6,,,,,,,uploaded_file,"2026-03-03 20:57:27.149862"
"1988-06-30 00:00:00",5.4,4.4841,4.0,4.5,,59.3,,5.4,,,,,,,uploaded_file,"2026-03-03 20:57:27.149862"
"1988-07-31 00:00:00",,,4.1,4.5,,58.2,,5.4,,,,,,,uploaded_file,"2026-03-03 20:57:27.149862"
"1988-08-31 00:00:00",,,4.1,4.5,,56.0,,5.6,,,,,,,uploaded_file,"2026-03-03 20:57:27.149862"
"1988-09-30 00:00:00",2.4,4.1934,4.2,4.6,,54.5,,5.4,,,,,,,uploaded_file,"2026-03-03 20:57:27.149862"
"1988-10-31 00:00:00",,,4.3,4.5,,55.4,,5.4,,,,,,,uploaded_file,"2026-03-03 20:57:27.149862"
"1988-11-30 00:00:00",,,4.2,4.6,,55.6,,5.3,,,,,,,uploaded_file,"2026-03-03 20:57:27.149862"
"1988-12-31 00:00:00",5.4,3.7996,4.4,4.7,,56.0,,5.3,,,,,,,uploaded_file,"2026-03-03 20:57:27.149862"
"1989-01-31 00:00:00",,,4.5,4.6,,54.7,,5.4,,,,,,,uploaded_file,"2026-03-03 20:57:27.149862"
"1989-02-28 00:00:00",,,4.6,4.7,,54.1,,5.2,,,,,,,uploaded_file,"2026-03-03 20:57:27.149862"
"1989-03-31 00:00:00",4.1,4.3149,4.9,4.7,,51.5,,5.0,,,,,,,uploaded_file,"2026-03-03 20:57:27.149862"
"1989-04-30 00:00:00",,,5.0,4.5,,52.2,,5.2,,,,,,,uploaded_file,"2026-03-03 20:57:27.149862"
"1989-05-31 00:00:00",,,5.3,4.6,,49.3,,5.2,,,,,,,uploaded_file,"2026-03-03 20:57:27.149862"
"1989-06-30 00:00:00",3.1,3.7479,5.2,4.5,,47.3,,5.3,,,,,,,uploaded_file,"2026-03-03 20:57:27.149862"
"1989-07-31 00:00:00",,,5.1,4.5,,45.9,,5.2,,,,,,,uploaded_file,"2026-03-03 20:57:27.149862"
"1989-08-31 00:00:00",,,4.6,4.4,,45.1,,5.2,,,,,,,uploaded_file,"2026-03-03 20:57:27.149862"
"1989-09-30 00:00:00",3.0,3.9073,4.4,4.2,,46.0,,5.3,,,,,,,uploaded_file,"2026-03-03 20:57:27.149862"
"1989-10-31 00:00:00",,,4.6,4.3,,46.8,,5.3,,,,,,,uploaded_file,"2026-03-03 20:57:27.149862"
"1989-11-30 00:00:00",,,4.7,4.4,,46.8,,5.4,,,,,,,uploaded_file,"2026-03-03 20:57:27.149862"
"1989-12-31 00:00:00",0.8,2.7436,4.6,4.4,,47.4,,5.4,,,,,,,uploaded_file,"2026-03-03 20:57:27.149862"
"1990-01-31 00:00:00",,,5.2,4.4,,47.2,,5.4,,,,,,,uploaded_file,"2026-03-03 20:57:27.149862"
"1990-02-28 00:00:00",,,5.3,4.6,,49.1,,5.3,,,,,,,uploaded_file,"2026-03-03 20:57:27.149862"
"1990-03-31 00:00:00",4.4,2.8214,5.2,4.8,,49.9,,5.2,,,,,,,uploaded_file,"2026-03-03 20:57:27.149862"
"1990-04-30 00:00:00",,,4.7,4.9,,50.0,,5.4,,,,,,,uploaded_file,"2026-03-03 20:57:27.149862"
"1990-05-31 00:00:00",,,4.4,4.8,,49.5,,5.4,,,,,,,uploaded_file,"2026-03-03 20:57:27.149862"
"1990-06-30 00:00:00",1.5,2.4131,4.7,4.9,,49.2,,5.2,,,,,,,uploaded_file,"2026-03-03 20:57:27.149862"
"1990-07-31 00:00:00",,,4.8,5.1,,46.6,,5.5,,,,,,,uploaded_file,"2026-03-03 20:57:27.149862"
"1990-08-31 00:00:00",,,5.7,5.5,,46.1,,5.7,,,,,,,uploaded_file,"2026-03-03 20:57:27.149862"
"1990-09-30 00:00:00",0.3,1.728,6.2,5.5,,44.5,,5.9,,,,,,,uploaded_file,"2026-03-03 20:57:27.149862"
"1990-10-31 00:00:00",,,6.4,5.4,,43.2,,5.9,,,,,,,uploaded_file,"2026-03-03 20:57:27.149862"
"1990-11-30 00:00:00",,,6.2,5.3,,41.3,,6.2,,,,,,,uploaded_file,"2026-03-03 20:57:27.149862"
"1990-12-31 00:00:00",-3.6,0.6027,6.3,5.3,,40.8,,6.3,,,,,,,uploaded_file,"2026-03-03 20:57:27.149862"
"1991-01-31 00:00:00",,,5.6,5.6,,39.2,,6.4,,,,,,,uploaded_file,"2026-03-03 20:57:27.149862"
"1991-02-28 00:00:00",,,5.3,5.7,,39.4,,6.6,,,,,,,uploaded_file,"2026-03-03 20:57:27.149862"
"1991-03-31 00:00:00",-1.9,-0.9505,4.8,5.2,,40.7,,6.8,,,,,,,uploaded_file,"2026-03-03 20:57:27.149862"
"1991-04-30 00:00:00",,,4.8,5.1,,42.8,,6.7,,,,,,,uploaded_file,"2026-03-03 20:57:27.149862"
"1991-05-31 00:00:00",,,5.0,5.1,,44.5,,6.9,,,,,,,uploaded_file,"2026-03-03 20:57:27.149862"
"1991-06-30 00:00:00",3.2,-0.5395,4.7,5.0,,50.3,,6.9,,,,,,,uploaded_file,"2026-03-03 20:57:27.149862"
"1991-07-31 00:00:00",,,4.4,4.8,,50.6,,6.8,,,,,,,uploaded_file,"2026-03-03 20:57:27.149862"
"1991-08-31 00:00:00",,,3.8,4.6,,52.9,,6.9,,,,,,,uploaded_file,"2026-03-03 20:57:27.149862"
"1991-09-30 00:00:00",2.0,-0.1031,3.4,4.6,,54.9,,6.9,,,,,,,uploaded_file,"2026-03-03 20:57:27.149862"
"1991-10-31 00:00:00",,,2.8,4.4,,53.1,,7.0,,,,,,,uploaded_file,"2026-03-03 20:57:27.149862"
"1991-11-30 00:00:00",,,3.1,4.5,,49.5,,7.0,,,,,,,uploaded_file,"2026-03-03 20:57:27.149862"
"1991-12-31 00:00:00",1.4,1.1662,3.0,4.4,,46.8,,7.3,,,,,,,uploaded_file,"2026-03-03 20:57:27.149862"
"1992-01-31 00:00:00",,,2.7,4.0,,47.3,,7.3,,,,,,,uploaded_file,"2026-03-03 20:57:27.149862"
"1992-02-29 00:00:00",,,2.8,3.7,,52.7,,7.4,,,,,,,uploaded_file,"2026-03-03 20:57:27.149862"
"1992-03-31 00:00:00",4.9,2.8588,3.2,3.8,,54.6,,7.4,,,,,,,uploaded_file,"2026-03-03 20:57:27.149862"
"1992-04-30 00:00:00",,,3.2,3.8,,52.6,,7.4,,,,,,,uploaded_file,"2026-03-03 20:57:27.149862"
"1992-05-31 00:00:00",,,3.0,3.9,,55.7,,7.6,,,,,,,uploaded_file,"2026-03-03 20:57:27.149862"
"1992-06-30 00:00:00",4.4,3.1696,3.0,3.7,,53.6,,7.8,,,,,,,uploaded_file,"2026-03-03 20:57:27.149862"
"1992-07-31 00:00:00",,,3.2,3.7,,53.9,,7.7,,,,,,,uploaded_file,"2026-03-03 20:57:27.149862"
"1992-08-31 00:00:00",,,3.1,3.5,,53.4,,7.6,,,,,,,uploaded_file,"2026-03-03 20:57:27.149862"
"1992-09-30 00:00:00",4.0,3.6656,3.0,3.3,,49.7,,7.6,,,,,,,uploaded_file,"2026-03-03 20:57:27.149862"
"1992-10-31 00:00:00",,,3.3,3.5,,50.3,,7.3,,,,,,,uploaded_file,"2026-03-03 20:57:27.149862"
"1992-11-30 00:00:00",,,3.1,3.5,,53.6,,7.4,,,,,,,uploaded_file,"2026-03-03 20:57:27.149862"
"1992-12-31 00:00:00",4.2,4.3825,3.0,3.4,,54.2,,7.4,,,,,,,uploaded_file,"2026-03-03 20:57:27.149862"
"1993-01-31 00:00:00",,,3.3,3.4,,55.8,,7.3,,,,,,,uploaded_file,"2026-03-03 20:57:27.149862"
"1993-02-28 00:00:00",,,3.2,3.6,,55.2,,7.1,,,,,,,uploaded_file,"2026-03-03 20:57:27.149862"
"1993-03-31 00:00:00",0.7,3.3205,3.0,3.4,,53.5,,7.0,,,,,,,uploaded_file,"2026-03-03 20:57:27.149862"
"1993-04-30 00:00:00",,,3.2,3.5,,50.2,,7.1,,,,,,,uploaded_file,"2026-03-03 20:57:27.149862"
"1993-05-31 00:00:00",,,3.2,3.4,,51.2,,7.1,,,,,,,uploaded_file,"2026-03-03 20:57:27.149862"
"1993-06-30 00:00:00",2.3,2.8065,3.0,3.4,,49.6,,7.0,,,,,,,uploaded_file,"2026-03-03 20:57:27.149862"
"1993-07-31 00:00:00",,,2.8,3.2,,50.2,,6.9,,,,,,,uploaded_file,"2026-03-03 20:57:27.149862"
"1993-08-31 00:00:00",,,2.8,3.3,,50.7,,6.8,,,,,,,uploaded_file,"2026-03-03 20:57:27.149862"
"1993-09-30 00:00:00",1.9,2.2862,2.8,3.2,,50.8,,6.7,,,,,,,uploaded_file,"2026-03-03 20:57:27.149862"
"1993-10-31 00:00:00",,,2.8,3.1,,53.4,,6.8,,,,,,,uploaded_file,"2026-03-03 20:57:27.149862"
"1993-11-30 00:00:00",,,2.7,3.2,,53.8,,6.6,,,,,,,uploaded_file,"2026-03-03 20:57:27.149862"
"1993-12-31 00:00:00",5.6,2.6083,2.8,3.1,,55.6,,6.5,,,,,,,uploaded_file,"2026-03-03 20:57:27.149862"
"1994-01-31 00:00:00",,,2.5,2.9,,56.0,,6.6,,,,,,,uploaded_file,"2026-03-03 20:57:27.149862"
"1994-02-28 00:00:00",,,2.5,2.8,,56.5,,6.6,,,,,,,uploaded_file,"2026-03-03 20:57:27.149862"
"1994-03-31 00:00:00",3.9,3.4303,2.7,3.0,,56.9,,6.5,,,,,,,uploaded_file,"2026-03-03 20:57:27.149862"
"1994-04-30 00:00:00",,,2.4,2.7,,57.4,,6.4,,,,,,,uploaded_file,"2026-03-03 20:57:27.149862"
"1994-05-31 00:00:00",,,2.3,2.7,,58.2,,6.1,,,,,,,uploaded_file,"2026-03-03 20:57:27.149862"
"1994-06-30 00:00:00",5.5,4.2264,2.5,2.8,,58.8,,6.1,,,,,,,uploaded_file,"2026-03-03 20:57:27.149862"
"1994-07-31 00:00:00",,,2.7,2.9,,58.5,,6.1,,,,,,,uploaded_file,"2026-03-03 20:57:27.149862"
"1994-08-31 00:00:00",,,2.9,2.8,,58.0,,6.0,,,,,,,uploaded_file,"2026-03-03 20:57:27.149862"
"1994-09-30 00:00:00",2.4,4.3373,3.0,3.0,,59.0,,5.9,,,,,,,uploaded_file,"2026-03-03 20:57:27.149862"
"1994-10-31 00:00:00",,,2.6,2.9,,59.4,,5.8,,,,,,,uploaded_file,"2026-03-03 20:57:27.149862"
"1994-11-30 00:00:00",,,2.6,2.8,,59.2,,5.6,,,,,,,uploaded_file,"2026-03-03 20:57:27.149862"
"1994-12-31 00:00:00",4.7,4.1157,2.6,2.6,,56.1,,5.5,,,,,,,uploaded_file,"2026-03-03 20:57:27.149862"
"1995-01-31 00:00:00",,,2.9,2.9,,57.4,,5.6,,,,,,,uploaded_file,"2026-03-03 20:57:27.149862"
"1995-02-28 00:00:00",,,2.9,3.0,,55.1,,5.4,,,,,,,uploaded_file,"2026-03-03 20:57:27.149862"
"1995-03-31 00:00:00",1.4,3.482,2.8,3.0,,52.1,,5.4,,,,,,,uploaded_file,"2026-03-03 20:57:27.149862"
"1995-04-30 00:00:00",,,3.1,3.2,,51.5,,5.8,,,,,,,uploaded_file,"2026-03-03 20:57:27.149862"
"1995-05-31 00:00:00",,,3.1,3.1,,46.7,,5.6,,,,,,,uploaded_file,"2026-03-03 20:57:27.149862"
"1995-06-30 00:00:00",1.2,2.4018,3.0,3.0,,45.9,,5.6,,,,,,,uploaded_file,"2026-03-03 20:57:27.149862"
"1995-07-31 00:00:00",,,2.8,3.0,,50.7,,5.7,,,,,,,uploaded_file,"2026-03-03 20:57:27.149862"
"1995-08-31 00:00:00",,,2.6,3.0,,47.1,,5.7,,,,,,,uploaded_file,"2026-03-03 20:57:27.149862"
"1995-09-30 00:00:00",3.5,2.673,2.5,3.0,,48.1,,5.6,,,,,,,uploaded_file,"2026-03-03 20:57:27.149862"
"1995-10-31 00:00:00",,,2.7,3.1,,46.7,,5.5,,,,,,,uploaded_file,"2026-03-03 20:57:27.149862"
"1995-11-30 00:00:00",,,2.6,3.0,,45.9,,5.6,,,,,,,uploaded_file,"2026-03-03 20:57:27.149862"
"1995-12-31 00:00:00",2.7,2.2004,2.5,3.0,,46.2,,5.6,,,,,,,uploaded_file,"2026-03-03 20:57:27.149862"
"1996-01-31 00:00:00",,,2.8,3.0,,45.5,,5.6,,,,,,,uploaded_file,"2026-03-03 20:57:27.149862"
"1996-02-29 00:00:00",,,2.7,2.9,,45.9,,5.5,,,,,,,uploaded_file,"2026-03-03 20:57:27.149862"
"1996-03-31 00:00:00",3.0,2.6007,2.8,2.8,,46.9,,5.5,,,,,,,uploaded_file,"2026-03-03 20:57:27.149862"
"1996-04-30 00:00:00",,,2.8,2.6,,49.3,,5.6,,,,,,,uploaded_file,"2026-03-03 20:57:27.149862"
"1996-05-31 00:00:00",,,2.8,2.7,,49.1,,5.6,,,,,,,uploaded_file,"2026-03-03 20:57:27.149862"
"1996-06-30 00:00:00",6.8,4.0022,2.8,2.7,,53.6,,5.3,,,,,,,uploaded_file,"2026-03-03 20:57:27.149862"
"1996-07-31 00:00:00",,,2.9,2.7,,49.7,,5.5,,,,,,,uploaded_file,"2026-03-03 20:57:27.149862"
"1996-08-31 00:00:00",,,2.8,2.6,,51.6,,5.1,,,,,,,uploaded_file,"2026-03-03 20:57:27.149862"
"1996-09-30 00:00:00",3.6,4.0505,3.0,2.7,,51.1,,5.2,,,,,,,uploaded_file,"2026-03-03 20:57:27.149862"
"1996-10-31 00:00:00",,,3.1,2.5,,50.5,,5.2,,,,,,,uploaded_file,"2026-03-03 20:57:27.149862"
"1996-11-30 00:00:00",,,3.3,2.6,,53.0,,5.4,,,,,,,uploaded_file,"2026-03-03 20:57:27.149862"
"1996-12-31 00:00:00",4.2,4.4214,3.4,2.6,,55.2,,5.4,,,,,,,uploaded_file,"2026-03-03 20:57:27.149862"
"1997-01-31 00:00:00",,,3.0,2.5,,53.8,,5.3,,,,,,,uploaded_file,"2026-03-03 20:57:27.149862"
"1997-02-28 00:00:00",,,3.0,2.5,,53.1,,5.2,,,,,,,uploaded_file,"2026-03-03 20:57:27.149862"
"1997-03-31 00:00:00",2.6,4.3145,2.8,2.4,,53.8,,5.2,,,,,,,uploaded_file,"2026-03-03 20:57:27.149862"
"1997-04-30 00:00:00",,,2.4,2.6,,53.7,,5.1,,,,,,,uploaded_file,"2026-03-03 20:57:27.149862"
"1997-05-31 00:00:00",,,2.2,2.5,,56.1,,4.9,,,,,,,uploaded_file,"2026-03-03 20:57:27.149862"
"1997-06-30 00:00:00",6.8,4.3114,2.2,2.4,,54.9,,5.0,,,,,,,uploaded_file,"2026-03-03 20:57:27.149862"
"1997-07-31 00:00:00",,,2.2,2.4,,57.7,58.6,4.9,,,,,,,uploaded_file,"2026-03-03 20:57:27.149862"
"1997-08-31 00:00:00",,,2.3,2.3,,56.3,62.6,4.8,,,,,,,uploaded_file,"2026-03-03 20:57:27.149862"
"1997-09-30 00:00:00",5.1,4.6743,2.2,2.2,,53.9,59.1,4.9,,,,,,,uploaded_file,"2026-03-03 20:57:27.149862"
"1997-10-31 00:00:00",,,2.1,2.3,,56.4,62.6,4.7,,,,,,,uploaded_file,"2026-03-03 20:57:27.149862"
"1997-11-30 00:00:00",,,1.9,2.2,,55.7,61.9,4.6,,,,,,,uploaded_file,"2026-03-03 20:57:27.149862"
"1997-12-31 00:00:00",3.5,4.4834,1.7,2.3,,54.5,56.5,4.7,,,,,,,uploaded_file,"2026-03-03 20:57:27.149862"
"1998-01-31 00:00:00",,,1.6,2.3,,53.8,61.4,4.6,,,,,,,uploaded_file,"2026-03-03 20:57:27.149862"
"1998-02-28 00:00:00",,,1.4,2.3,,52.9,58.9,4.6,,,,,,,uploaded_file,"2026-03-03 20:57:27.149862"
"1998-03-31 00:00:00",4.1,4.8549,1.4,2.3,,52.9,57.0,4.7,,,,,,,uploaded_file,"2026-03-03 20:57:27.149862"
"1998-04-30 00:00:00",,,1.4,2.1,,52.2,58.6,4.3,,,,,,,uploaded_file,"2026-03-03 20:57:27.149862"
"1998-05-31 00:00:00",,,1.7,2.2,,50.9,61.4,4.4,,,,,,,uploaded_file,"2026-03-03 20:57:27.149862"
"1998-06-30 00:00:00",3.8,4.0927,1.6,2.2,,48.9,58.7,4.5,,,,,,,uploaded_file,"2026-03-03 20:57:27.149862"
"1998-07-31 00:00:00",,,1.7,2.2,,49.2,58.9,4.5,,,,,,,uploaded_file,"2026-03-03 20:57:27.149862"
"1998-08-31 00:00:00",,,1.6,2.5,,49.3,52.2,4.5,,,,,,,uploaded_file,"2026-03-03 20:57:27.149862"
"1998-09-30 00:00:00",5.1,4.1039,1.4,2.4,,48.7,57.4,4.6,,,,,,,uploaded_file,"2026-03-03 20:57:27.149862"
"1998-10-31 00:00:00",,,1.5,2.2,,48.7,54.0,4.5,,,,,,,uploaded_file,"2026-03-03 20:57:27.149862"
"1998-11-30 00:00:00",,,1.5,2.3,,48.2,54.9,4.4,,,,,,,uploaded_file,"2026-03-03 20:57:27.149862"
"1998-12-31 00:00:00",6.6,4.8833,1.6,2.5,,46.8,54.2,4.4,,,,,,,uploaded_file,"2026-03-03 20:57:27.149862"
"1999-01-31 00:00:00",,,1.7,2.3,,50.6,58.8,4.3,,,,,,,uploaded_file,"2026-03-03 20:57:27.149862"
"1999-02-28 00:00:00",,,1.7,2.2,,51.7,57.3,4.4,,,,,,,uploaded_file,"2026-03-03 20:57:27.149862"
"1999-03-31 00:00:00",3.8,4.8167,1.7,2.0,,52.4,59.5,4.2,,,,,,,uploaded_file,"2026-03-03 20:57:27.149862"
"1999-04-30 00:00:00",,,2.3,2.2,,52.3,59.8,4.3,,,,,,,uploaded_file,"2026-03-03 20:57:27.149862"
"1999-05-31 00:00:00",,,2.1,2.1,,54.3,57.7,4.2,,,,,,,uploaded_file,"2026-03-03 20:57:27.149862"
"1999-06-30 00:00:00",3.4,4.7218,2.0,2.0,,55.8,57.9,4.3,,,,,,,uploaded_file,"2026-03-03 20:57:27.149862"
"1999-07-31 00:00:00",,,2.1,2.1,,53.6,60.7,4.3,,,,,,,uploaded_file,"2026-03-03 20:57:27.149862"
"1999-08-31 00:00:00",,,2.3,1.9,,54.8,60.3,4.2,,,,,,,uploaded_file,"2026-03-03 20:57:27.149862"
"1999-09-30 00:00:00",5.4,4.791,2.6,2.1,,57.0,59.1,4.2,,,,,,,uploaded_file,"2026-03-03 20:57:27.149862"
"1999-10-31 00:00:00",,,2.6,2.1,,57.2,60.7,4.1,,,,,,,uploaded_file,"2026-03-03 20:57:27.149862"
"1999-11-30 00:00:00",,,2.6,2.1,,58.1,57.0,4.1,,,,,,,uploaded_file,"2026-03-03 20:57:27.149862"
"1999-12-31 00:00:00",6.7,4.8235,2.7,1.9,,57.8,60.4,4.0,,,,,,,uploaded_file,"2026-03-03 20:57:27.149862"
"2000-01-31 00:00:00",,,2.8,2.1,,56.7,57.7,4.0,,,,,,,uploaded_file,"2026-03-03 20:57:27.149862"
"2000-02-29 00:00:00",,,3.2,2.2,,55.8,58.2,4.1,,,,,,,uploaded_file,"2026-03-03 20:57:27.149862"
"2000-03-31 00:00:00",1.5,4.2244,3.8,2.4,,54.9,60.5,4.0,,,,,,,uploaded_file,"2026-03-03 20:57:27.149862"
"2000-04-30 00:00:00",,,3.0,2.3,,54.7,61.1,3.8,,,,,,,uploaded_file,"2026-03-03 20:57:27.149862"
"2000-05-31 00:00:00",,,3.1,2.4,,53.2,59.8,4.0,,,,,,,uploaded_file,"2026-03-03 20:57:27.149862"
"2000-06-30 00:00:00",7.5,5.2448,3.7,2.5,,51.4,60.3,4.0,,,,,,,uploaded_file,"2026-03-03 20:57:27.149862"
"2000-07-31 00:00:00",,,3.6,2.5,,52.5,56.5,4.0,,,,,,,uploaded_file,"2026-03-03 20:57:27.149862"
"2000-08-31 00:00:00",,,3.4,2.6,,49.9,61.3,4.1,,,,,,,uploaded_file,"2026-03-03 20:57:27.149862"
"2000-09-30 00:00:00",0.4,3.9729,3.5,2.5,,49.7,59.8,3.9,,,,,,,uploaded_file,"2026-03-03 20:57:27.149862"
"2000-10-31 00:00:00",,,3.5,2.5,,48.7,58.6,3.9,,,,,,,uploaded_file,"2026-03-03 20:57:27.149862"
"2000-11-30 00:00:00",,,3.4,2.6,,48.5,59.7,3.9,,,,,,,uploaded_file,"2026-03-03 20:57:27.149862"
"2000-12-31 00:00:00",2.4,2.9057,3.4,2.6,,43.9,57.5,3.9,,,,,,,uploaded_file,"2026-03-03 20:57:27.149862"
"2001-01-31 00:00:00",,,3.7,2.6,,42.3,52.5,4.2,,,,,,,uploaded_file,"2026-03-03 20:57:27.149862"
"2001-02-28 00:00:00",,,3.5,2.8,,42.1,51.5,4.2,,,,,,,uploaded_file,"2026-03-03 20:57:27.149862"
"2001-03-31 00:00:00",-1.3,2.1977,3.0,2.6,,43.1,50.0,4.3,,,,,,,uploaded_file,"2026-03-03 20:57:27.149862"
"2001-04-30 00:00:00",,,3.2,2.7,,42.7,48.3,4.4,,,,,,,uploaded_file,"2026-03-03 20:57:27.149862"
"2001-05-31 00:00:00",,,3.6,2.5,,41.3,47.9,4.3,,,,,,,uploaded_file,"2026-03-03 20:57:27.149862"
"2001-06-30 00:00:00",2.5,0.9964,3.2,2.7,,43.2,51.6,4.5,,,,,,,uploaded_file,"2026-03-03 20:57:27.149862"
"2001-07-31 00:00:00",,,2.7,2.7,,43.5,48.1,4.6,,,,,,,uploaded_file,"2026-03-03 20:57:27.149862"
"2001-08-31 00:00:00",,,2.7,2.6,,46.3,47.4,4.9,,,,,,,uploaded_file,"2026-03-03 20:57:27.149862"
"2001-09-30 00:00:00",-1.6,0.4892,2.6,2.6,,46.2,49.7,5.0,,,,,,,uploaded_file,"2026-03-03 20:57:27.149862"
"2001-10-31 00:00:00",,,2.1,2.6,,40.8,40.5,5.3,,,,,,,uploaded_file,"2026-03-03 20:57:27.149862"
"2001-11-30 00:00:00",,,1.9,2.7,,44.1,49.4,5.5,,,,,,,uploaded_file,"2026-03-03 20:57:27.149862"
"2001-12-31 00:00:00",1.1,0.1673,1.6,2.8,,45.3,50.9,5.7,,,,,,,uploaded_file,"2026-03-03 20:57:27.149862"
"2002-01-31 00:00:00",,,1.2,2.6,,47.5,49.8,5.7,,,,,,,uploaded_file,"2026-03-03 20:57:27.149862"
"2002-02-28 00:00:00",,,1.1,2.5,,50.7,57.5,5.7,,,,,,,uploaded_file,"2026-03-03 20:57:27.149862"
"2002-03-31 00:00:00",3.4,1.3375,1.4,2.4,,52.4,57.1,5.7,,,,,,,uploaded_file,"2026-03-03 20:57:27.149862"
"2002-04-30 00:00:00",,,1.6,2.5,,52.4,56.3,5.9,,,,,,,uploaded_file,"2026-03-03 20:57:27.149862"
"2002-05-31 00:00:00",,,1.2,2.5,,53.1,60.5,5.8,,,,,,,uploaded_file,"2026-03-03 20:57:27.149862"
"2002-06-30 00:00:00",2.5,1.325,1.1,2.3,,53.6,56.1,5.8,,,,,,,uploaded_file,"2026-03-03 20:57:27.149862"
"2002-07-31 00:00:00",,,1.5,2.2,,50.2,52.1,5.8,,,,,,,uploaded_file,"2026-03-03 20:57:27.149862"
"2002-08-31 00:00:00",,,1.7,2.4,,50.3,51.9,5.7,,,,,,,uploaded_file,"2026-03-03 20:57:27.149862"
"2002-09-30 00:00:00",1.6,2.1464,1.5,2.2,,50.5,54.9,5.7,,,,,,,uploaded_file,"2026-03-03 20:57:27.149862"
"2002-10-31 00:00:00",,,2.0,2.2,,49.0,53.1,5.7,,,,,,,uploaded_file,"2026-03-03 20:57:27.149862"
"2002-11-30 00:00:00",,,2.3,2.0,,48.5,56.8,5.9,,,,,,,uploaded_file,"2026-03-03 20:57:27.149862"
"2002-12-31 00:00:00",0.5,1.9925,2.5,2.0,,51.6,55.5,6.0,,,,,,,uploaded_file,"2026-03-03 20:57:27.149862"
"2003-01-31 00:00:00",,,2.8,2.0,,51.3,56.2,5.8,,,,,,,uploaded_file,"2026-03-03 20:57:27.149862"
"2003-02-28 00:00:00",,,3.1,1.8,,48.8,55.6,5.9,,,,,,,uploaded_file,"2026-03-03 20:57:27.149862"
"2003-03-31 00:00:00",2.1,1.6789,3.0,1.7,,46.3,46.3,5.9,,,,,,,uploaded_file,"2026-03-03 20:57:27.149862"
"2003-04-30 00:00:00",,,2.2,1.5,,46.1,50.7,6.0,,,,,,,uploaded_file,"2026-03-03 20:57:27.149862"
"2003-05-31 00:00:00",,,1.9,1.5,,49.0,54.6,6.1,,,,,,,uploaded_file,"2026-03-03 20:57:27.149862"
"2003-06-30 00:00:00",3.6,1.9556,1.9,1.5,,49.0,59.2,6.3,,,,,,,uploaded_file,"2026-03-03 20:57:27.149862"
"2003-07-31 00:00:00",,,2.1,1.5,,51.0,62.7,6.2,,,,,,,uploaded_file,"2026-03-03 20:57:27.149862"
"2003-08-31 00:00:00",,,2.2,1.3,,53.2,65.1,6.1,,,,,,,uploaded_file,"2026-03-03 20:57:27.149862"
"2003-09-30 00:00:00",6.8,3.2315,2.4,1.3,,52.4,63.8,6.1,,,,,,,uploaded_file,"2026-03-03 20:57:27.149862"
"2003-10-31 00:00:00",,,2.0,1.3,,55.2,64.4,6.0,,,,,,,uploaded_file,"2026-03-03 20:57:27.149862"
"2003-11-30 00:00:00",,,1.9,1.1,,58.4,61.1,5.8,,,,,,,uploaded_file,"2026-03-03 20:57:27.149862"
"2003-12-31 00:00:00",4.7,4.3006,2.0,1.1,,60.1,60.0,5.7,,,,,,,uploaded_file,"2026-03-03 20:57:27.149862"
"2004-01-31 00:00:00",,,2.0,1.1,,60.8,67.9,5.7,,,,,,,uploaded_file,"2026-03-03 20:57:27.149862"
"2004-02-29 00:00:00",,,1.7,1.2,,59.9,62.2,5.6,,,,,,,uploaded_file,"2026-03-03 20:57:27.149862"
"2004-03-31 00:00:00",2.3,4.3424,1.7,1.6,,60.6,61.8,5.8,,,,,,,uploaded_file,"2026-03-03 20:57:27.149862"
"2004-04-30 00:00:00",,,2.3,1.8,,60.6,63.9,5.6,,,,,,,uploaded_file,"2026-03-03 20:57:27.149862"
"2004-05-31 00:00:00",,,2.9,1.7,,61.4,63.3,5.6,,,,,,,uploaded_file,"2026-03-03 20:57:27.149862"
"2004-06-30 00:00:00",3.1,4.2276,3.2,1.9,,60.5,59.8,5.6,,,,,,,uploaded_file,"2026-03-03 20:57:27.149862"
"2004-07-31 00:00:00",,,2.9,1.8,,59.9,63.6,5.5,,,,,,,uploaded_file,"2026-03-03 20:57:27.149862"
"2004-08-31 00:00:00",,,2.5,1.7,,58.5,59.3,5.4,,,,,,,uploaded_file,"2026-03-03 20:57:27.149862"
"2004-09-30 00:00:00",3.8,3.4946,2.5,2.0,,57.4,59.8,5.4,,,,,,,uploaded_file,"2026-03-03 20:57:27.149862"
"2004-10-31 00:00:00",,,3.2,2.0,,56.3,60.8,5.5,,,,,,,uploaded_file,"2026-03-03 20:57:27.149862"
"2004-11-30 00:00:00",,,3.6,2.2,,56.2,62.6,5.4,,,,,,,uploaded_file,"2026-03-03 20:57:27.149862"
"2004-12-31 00:00:00",4.1,3.351,3.3,2.3,,57.2,65.2,5.4,,,,,,,uploaded_file,"2026-03-03 20:57:27.149862"
"2005-01-31 00:00:00",,,2.8,2.3,,56.8,62.6,5.3,,,,,,,uploaded_file,"2026-03-03 20:57:27.149862"
"2005-02-28 00:00:00",,,3.1,2.3,,55.5,61.1,5.4,,,,,,,uploaded_file,"2026-03-03 20:57:27.149862"
"2005-03-31 00:00:00",4.5,3.9085,3.2,2.4,,55.2,60.9,5.2,,,,,,,uploaded_file,"2026-03-03 20:57:27.149862"
"2005-04-30 00:00:00",,,3.4,2.2,,52.2,58.4,5.2,,,,,,,uploaded_file,"2026-03-03 20:57:27.149862"
"2005-05-31 00:00:00",,,2.9,2.2,,50.8,58.3,5.1,,,,,,,uploaded_file,"2026-03-03 20:57:27.149862"
"2005-06-30 00:00:00",2.0,3.6175,2.5,2.0,,52.4,61.0,5.0,,,,,,,uploaded_file,"2026-03-03 20:57:27.149862"
"2005-07-31 00:00:00",,,3.1,2.1,,52.8,61.1,5.0,,,,,,,uploaded_file,"2026-03-03 20:57:27.149862"
"2005-08-31 00:00:00",,,3.6,2.1,,52.4,61.3,4.9,,,,,,,uploaded_file,"2026-03-03 20:57:27.149862"
"2005-09-30 00:00:00",3.2,3.4488,4.7,1.9,,56.8,55.2,5.0,,,,,,,uploaded_file,"2026-03-03 20:57:27.149862"
"2005-10-31 00:00:00",,,4.4,2.1,,57.2,59.4,5.0,,,,,,,uploaded_file,"2026-03-03 20:57:27.149862"
"2005-11-30 00:00:00",,,3.3,2.1,,56.7,58.8,5.0,,,,,,,uploaded_file,"2026-03-03 20:57:27.149862"
"2005-12-31 00:00:00",2.2,2.9724,3.3,2.1,,55.1,60.6,4.9,,,,,,,uploaded_file,"2026-03-03 20:57:27.149862"
"2006-01-31 00:00:00",,,4.0,2.1,,55.0,59.1,4.7,,,,,,,uploaded_file,"2026-03-03 20:57:27.149862"
"2006-02-28 00:00:00",,,3.6,2.1,,55.8,60.5,4.8,,,,,,,uploaded_file,"2026-03-03 20:57:27.149862"
"2006-03-31 00:00:00",5.5,3.2131,3.4,2.1,,54.3,59.6,4.7,,,,,,,uploaded_file,"2026-03-03 20:57:27.149862"
"2006-04-30 00:00:00",,,3.6,2.3,,55.2,61.1,4.7,,,,,,,uploaded_file,"2026-03-03 20:57:27.149862"
"2006-05-31 00:00:00",,,4.0,2.4,,53.7,59.2,4.6,,,,,,,uploaded_file,"2026-03-03 20:57:27.149862"
"2006-06-30 00:00:00",1.0,2.9731,4.2,2.6,,52.0,56.9,4.6,,,,,,,uploaded_file,"2026-03-03 20:57:27.149862"
"2006-07-31 00:00:00",,,4.1,2.7,,53.0,55.7,4.7,,,,,,,uploaded_file,"2026-03-03 20:57:27.149862"
"2006-08-31 00:00:00",,,3.9,2.8,,53.7,56.9,4.7,,,,,,,uploaded_file,"2026-03-03 20:57:27.149862"
"2006-09-30 00:00:00",0.6,2.325,2.0,2.9,,52.2,54.6,4.5,,,,,,,uploaded_file,"2026-03-03 20:57:27.149862"
"2006-10-31 00:00:00",,,1.4,2.8,,51.4,57.4,4.4,,,,,,,uploaded_file,"2026-03-03 20:57:27.149862"
"2006-11-30 00:00:00",,,2.0,2.6,,50.3,58.3,4.5,,,,,,,uploaded_file,"2026-03-03 20:57:27.149862"
"2006-12-31 00:00:00",3.5,2.635,2.5,2.6,,51.4,56.7,4.4,,,,,,,uploaded_file,"2026-03-03 20:57:27.149862"
"2007-01-31 00:00:00",,,2.1,2.7,,49.5,59.0,4.6,,,,,,,uploaded_file,"2026-03-03 20:57:27.149862"
"2007-02-28 00:00:00",,,2.4,2.7,,51.9,54.3,4.5,,,,,,,uploaded_file,"2026-03-03 20:57:27.149862"
"2007-03-31 00:00:00",1.2,1.577,2.8,2.5,,50.7,52.4,4.4,,,,,,,uploaded_file,"2026-03-03 20:57:27.149862"
"2007-04-30 00:00:00",,,2.6,2.4,,52.6,56.0,4.5,,,,,,,uploaded_file,"2026-03-03 20:57:27.149862"
"2007-05-31 00:00:00",,,2.7,2.3,,52.5,59.7,4.4,,,,,,,uploaded_file,"2026-03-03 20:57:27.149862"
"2007-06-30 00:00:00",2.5,1.934,2.7,2.2,,52.6,60.7,4.6,,,,,,,uploaded_file,"2026-03-03 20:57:27.149862"
"2007-07-31 00:00:00",,,2.3,2.2,,52.4,55.8,4.7,,,,,,,uploaded_file,"2026-03-03 20:57:27.149862"
"2007-08-31 00:00:00",,,1.9,2.1,,50.9,55.8,4.6,,,,,,,uploaded_file,"2026-03-03 20:57:27.149862"
"2007-09-30 00:00:00",2.3,2.3684,2.8,2.1,,51.0,54.8,4.7,,,,,,,uploaded_file,"2026-03-03 20:57:27.149862"
"2007-10-31 00:00:00",,,3.6,2.2,,51.1,55.8,4.7,,,,,,,uploaded_file,"2026-03-03 20:57:27.149862"
"2007-11-30 00:00:00",,,4.4,2.3,,50.5,54.1,4.7,,,,,,,uploaded_file,"2026-03-03 20:57:27.149862"
"2007-12-31 00:00:00",2.5,2.1332,4.1,2.4,,49.0,53.9,5.0,,,,,,,uploaded_file,"2026-03-03 20:57:27.149862"
"2008-01-31 00:00:00",,,4.3,2.5,,50.3,45.0,5.0,,,,,,,uploaded_file,"2026-03-03 20:57:27.149862"
"2008-02-29 00:00:00",,,4.1,2.3,,47.6,49.9,4.9,,,,,,,uploaded_file,"2026-03-03 20:57:27.149862"
"2008-03-31 00:00:00",-1.7,1.3924,4.0,2.4,,48.3,49.4,5.1,,,,,,,uploaded_file,"2026-03-03 20:57:27.149862"
"2008-04-30 00:00:00",,,3.9,2.3,,48.8,51.8,5.0,,,,,,,uploaded_file,"2026-03-03 20:57:27.149862"
"2008-05-31 00:00:00",,,4.1,2.3,,48.8,51.4,5.4,,,,,,,uploaded_file,"2026-03-03 20:57:27.149862"
"2008-06-30 00:00:00",2.4,1.3761,4.9,2.4,,49.8,48.3,5.6,,,,,,,uploaded_file,"2026-03-03 20:57:27.149862"
"2008-07-31 00:00:00",,,5.5,2.5,,50.0,50.0,5.8,,,,,,,uploaded_file,"2026-03-03 20:57:27.149862"
"2008-08-31 00:00:00",,,5.3,2.5,,49.2,50.6,6.1,,,,,,,uploaded_file,"2026-03-03 20:57:27.149862"
"2008-09-30 00:00:00",-2.1,0.2659,5.0,2.4,,44.8,49.4,6.1,,,,,,,uploaded_file,"2026-03-03 20:57:27.149862"
"2008-10-31 00:00:00",,,3.7,2.2,,38.9,44.7,6.5,,,,,,,uploaded_file,"2026-03-03 20:57:27.149862"
"2008-11-30 00:00:00",,,1.1,2.0,,36.5,37.6,6.8,,,,,,,uploaded_file,"2026-03-03 20:57:27.149862"
"2008-12-31 00:00:00",-8.5,-2.5409,0.0,1.8,,33.1,40.0,7.3,,,,,,,uploaded_file,"2026-03-03 20:57:27.149862"
"2009-01-31 00:00:00",,,-0.1,1.7,,34.9,43.1,7.8,,,,,,,uploaded_file,"2026-03-03 20:57:27.149862"
"2009-02-28 00:00:00",,,0.0,1.8,,35.5,41.5,8.3,,,,,,,uploaded_file,"2026-03-03 20:57:27.149862"
"2009-03-31 00:00:00",-4.5,-3.234,-0.4,1.8,,36.0,40.0,8.7,,,,,,,uploaded_file,"2026-03-03 20:57:27.149862"
"2009-04-30 00:00:00",,,-0.6,1.9,,39.5,43.4,9.0,,,,,,,uploaded_file,"2026-03-03 20:57:27.149862"
"2009-05-31 00:00:00",,,-1.0,1.8,,41.7,44.2,9.4,,,,,,,uploaded_file,"2026-03-03 20:57:27.149862"
"2009-06-30 00:00:00",-0.7,-3.9792,-1.2,1.7,,45.8,46.8,9.5,,,,,,,uploaded_file,"2026-03-03 20:57:27.149862"
"2009-07-31 00:00:00",,,-2.0,1.5,,49.9,47.0,9.5,,,,,,,uploaded_file,"2026-03-03 20:57:27.149862"
"2009-08-31 00:00:00",,,-1.5,1.4,,53.5,49.1,9.6,,,,,,,uploaded_file,"2026-03-03 20:57:27.149862"
"2009-09-30 00:00:00",1.4,-3.1327,-1.4,1.5,,54.4,50.5,9.8,,,,,,,uploaded_file,"2026-03-03 20:57:27.149862"
"2009-10-31 00:00:00",,,-0.2,1.7,,56.0,50.9,10.0,,,,,,,uploaded_file,"2026-03-03 20:57:27.149862"
"2009-11-30 00:00:00",,,1.9,1.7,,54.4,49.3,9.9,,,,,,,uploaded_file,"2026-03-03 20:57:27.149862"
"2009-12-31 00:00:00",4.4,0.1055,2.8,1.8,,55.3,49.9,9.9,,,,,,,uploaded_file,"2026-03-03 20:57:27.149862"
"2010-01-31 00:00:00",,,2.6,1.5,,57.2,50.2,9.8,,,,,,,uploaded_file,"2026-03-03 20:57:27.149862"
"2010-02-28 00:00:00",,,2.2,1.3,,55.8,51.7,9.8,,,,,,,uploaded_file,"2026-03-03 20:57:27.149862"
"2010-03-31 00:00:00",1.9,1.745,2.3,1.2,,58.8,53.2,9.9,,,,,,,uploaded_file,"2026-03-03 20:57:27.149862"
"2010-04-30 00:00:00",,,2.2,1.0,,58.1,54.8,9.9,,,,,,,uploaded_file,"2026-03-03 20:57:27.149862"
"2010-05-31 00:00:00",,,2.0,0.9,,58.3,55.3,9.6,,,,,,,uploaded_file,"2026-03-03 20:57:27.149862"
"2010-06-30 00:00:00",3.9,2.9141,1.1,1.0,,56.4,54.5,9.4,,,,,,,uploaded_file,"2026-03-03 20:57:27.149862"
"2010-07-31 00:00:00",,,1.3,1.0,,56.4,54.7,9.4,,,,,,,uploaded_file,"2026-03-03 20:57:27.149862"
"2010-08-31 00:00:00",,,1.2,0.9,,58.0,52.8,9.5,,,,,,,uploaded_file,"2026-03-03 20:57:27.149862"
"2010-09-30 00:00:00",3.1,3.3443,1.1,0.8,,56.3,53.7,9.5,,,,,,,uploaded_file,"2026-03-03 20:57:27.149862"
"2010-10-31 00:00:00",,,1.2,0.6,,57.7,55.4,9.4,,,,,,,uploaded_file,"2026-03-03 20:57:27.149862"
"2010-11-30 00:00:00",,,1.1,0.7,2.6,57.6,56.1,9.8,,,,,,,uploaded_file,"2026-03-03 20:57:27.149862"
"2010-12-31 00:00:00",2.1,2.7759,1.4,0.7,2.8,57.5,57.1,9.3,,,,,,,uploaded_file,"2026-03-03 20:57:27.149862"
"2011-01-31 00:00:00",,,1.7,1.0,2.5,59.0,57.7,9.1,,,,,,,uploaded_file,"2026-03-03 20:57:27.149862"
"2011-02-28 00:00:00",,,2.1,1.1,3.3,59.3,58.1,9.0,,,,,,,uploaded_file,"2026-03-03 20:57:27.149862"
"2011-03-31 00:00:00",-0.9,2.0377,2.6,1.2,3.9,59.1,55.4,9.0,,,,,,,uploaded_file,"2026-03-03 20:57:27.149862"
"2011-04-30 00:00:00",,,3.1,1.3,4.0,58.9,54.5,9.1,,,,,,,uploaded_file,"2026-03-03 20:57:27.149862"
"2011-05-31 00:00:00",,,3.5,1.5,4.1,53.7,54.7,9.0,,,,,,,uploaded_file,"2026-03-03 20:57:27.149862"
"2011-06-30 00:00:00",2.7,1.7434,3.5,1.6,4.4,56.6,53.8,9.1,,,,,,,uploaded_file,"2026-03-03 20:57:27.149862"
"2011-07-31 00:00:00",,,3.6,1.7,4.4,52.9,53.7,9.0,,,,,,,uploaded_file,"2026-03-03 20:57:27.149862"
"2011-08-31 00:00:00",,,3.8,2.0,4.4,53.0,54.4,9.0,,,,,,,uploaded_file,"2026-03-03 20:57:27.149862"
"2011-09-30 00:00:00",-0.1,0.9424,3.8,2.0,4.5,52.8,52.8,9.0,,,,,,,uploaded_file,"2026-03-03 20:57:27.149862"
"2011-10-31 00:00:00",,,3.5,2.1,3.7,51.8,53.1,8.8,,,,,,,uploaded_file,"2026-03-03 20:57:27.149862"
"2011-11-30 00:00:00",,,3.5,2.1,3.7,52.1,52.8,8.6,,,,,,,uploaded_file,"2026-03-03 20:57:27.149862"
"2011-12-31 00:00:00",4.6,1.543,3.1,2.3,3.3,53.1,52.7,8.5,,,,,,,uploaded_file,"2026-03-03 20:57:27.149862"
"2012-01-31 00:00:00",,,3.0,2.3,3.1,52.8,55.6,8.3,,,,,,,uploaded_file,"2026-03-03 20:57:27.149862"
"2012-02-29 00:00:00",,,2.9,2.2,2.8,52.4,54.9,8.3,,,,,,,uploaded_file,"2026-03-03 20:57:27.149862"
"2012-03-31 00:00:00",3.4,2.6382,2.6,2.2,2.3,53.0,55.1,8.2,,,,,,,uploaded_file,"2026-03-03 20:57:27.149862"
"2012-04-30 00:00:00",,,2.3,2.3,2.1,53.7,54.5,8.2,,,,,,,uploaded_file,"2026-03-03 20:57:27.149862"
"2012-05-31 00:00:00",,,1.7,2.3,1.7,53.2,54.4,8.2,,,,,,,uploaded_file,"2026-03-03 20:57:27.149862"
"2012-06-30 00:00:00",1.8,2.4033,1.7,2.2,1.3,51.0,53.3,8.2,,,,,,,uploaded_file,"2026-03-03 20:57:27.149862"
"2012-07-31 00:00:00",,,1.4,2.1,1.0,50.6,52.9,8.2,,,,,,,uploaded_file,"2026-03-03 20:57:27.149862"
"2012-08-31 00:00:00",,,1.7,1.9,1.1,51.1,53.8,8.1,,,,,,,uploaded_file,"2026-03-03 20:57:27.149862"
"2012-09-30 00:00:00",0.6,2.5741,1.9,2.0,1.4,52.2,55.3,7.8,,,,,,,uploaded_file,"2026-03-03 20:57:27.149862"
"2012-10-31 00:00:00",,,2.2,2.0,1.9,51.2,54.5,7.8,,,,,,,uploaded_file,"2026-03-03 20:57:27.149862"
"2012-11-30 00:00:00",,,1.8,2.0,1.7,49.5,55.1,7.7,,,,,,,uploaded_file,"2026-03-03 20:57:27.149862"
"2012-12-31 00:00:00",0.5,1.552,1.8,1.9,1.8,50.4,55.7,7.9,,,,,,,uploaded_file,"2026-03-03 20:57:27.149862"
"2013-01-31 00:00:00",,,1.7,1.9,1.7,52.3,54.9,8.0,,,,,,,uploaded_file,"2026-03-03 20:57:27.149862"
"2013-02-28 00:00:00",,,2.0,2.0,1.6,53.1,54.8,7.7,,,,,,,uploaded_file,"2026-03-03 20:57:27.149862"
"2013-03-31 00:00:00",4.0,1.7009,1.5,1.9,1.4,51.5,54.5,7.5,,,,,,,uploaded_file,"2026-03-03 20:57:27.149862"
"2013-04-30 00:00:00",,,1.1,1.7,0.9,50.0,53.8,7.6,,,,,,,uploaded_file,"2026-03-03 20:57:27.149862"
"2013-05-31 00:00:00",,,1.4,1.6,0.9,50.0,54.0,7.5,,,,,,,uploaded_file,"2026-03-03 20:57:27.149862"
"2013-06-30 00:00:00",1.1,1.5202,1.7,1.6,1.6,52.5,53.4,7.5,,,,,,,uploaded_file,"2026-03-03 20:57:27.149862"
"2013-07-31 00:00:00",,,1.9,1.7,1.9,54.9,55.9,7.3,,,,,,,uploaded_file,"2026-03-03 20:57:27.149862"
"2013-08-31 00:00:00",,,1.5,1.8,1.7,56.3,57.9,7.2,,,,,,,uploaded_file,"2026-03-03 20:57:27.149862"
"2013-09-30 00:00:00",3.5,2.237,1.1,1.8,1.0,56.0,54.5,7.2,,,,,,,uploaded_file,"2026-03-03 20:57:27.149862"
"2013-10-31 00:00:00",,,0.9,1.7,1.1,56.6,55.1,7.2,,,,,,,uploaded_file,"2026-03-03 20:57:27.149862"
"2013-11-30 00:00:00",,,1.2,1.7,1.2,57.0,54.1,6.9,,,,,,,uploaded_file,"2026-03-03 20:57:27.149862"
"2013-12-31 00:00:00",3.5,3.0086,1.5,1.7,1.3,56.5,53.0,6.7,,,,,,,uploaded_file,"2026-03-03 20:57:27.149862"
"2014-01-31 00:00:00",,,1.6,1.6,1.3,51.3,54.0,6.6,,,,,,,uploaded_file,"2026-03-03 20:57:27.149862"
"2014-02-28 00:00:00",,,1.1,1.6,1.3,53.2,51.6,6.7,,,,,,,uploaded_file,"2026-03-03 20:57:27.149862"
"2014-03-31 00:00:00",-1.4,1.651,1.6,1.6,1.7,53.7,53.1,6.7,,,,,,,uploaded_file,"2026-03-03 20:57:27.149862"
"2014-04-30 00:00:00",,,2.0,1.8,1.9,54.9,55.2,6.2,,,,,,,uploaded_file,"2026-03-03 20:57:27.149862"
"2014-05-31 00:00:00",,,2.2,1.9,2.2,55.4,56.3,6.3,,,,,,,uploaded_file,"2026-03-03 20:57:27.149862"
"2014-06-30 00:00:00",5.3,2.6889,2.1,1.9,1.7,55.3,56.0,6.1,,,,,,,uploaded_file,"2026-03-03 20:57:27.149862"
"2014-07-31 00:00:00",,,2.0,1.8,1.9,57.1,58.7,6.2,,,,,,,uploaded_file,"2026-03-03 20:57:27.149862"
"2014-08-31 00:00:00",,,1.7,1.7,1.8,59.0,59.6,6.1,,,,,,,uploaded_file,"2026-03-03 20:57:27.149862"
"2014-09-30 00:00:00",5.0,3.0593,1.7,1.7,1.6,56.6,58.6,5.9,,,,,,,uploaded_file,"2026-03-03 20:57:27.149862"
"2014-10-31 00:00:00",,,1.6,1.8,1.6,59.0,57.1,5.7,,,,,,,uploaded_file,"2026-03-03 20:57:27.149862"
"2014-11-30 00:00:00",,,1.2,1.7,1.3,58.7,59.3,5.8,,,,,,,uploaded_file,"2026-03-03 20:57:27.149862"
"2014-12-31 00:00:00",2.0,2.6859,0.7,1.6,0.9,55.1,56.5,5.6,,,,,,,uploaded_file,"2026-03-03 20:57:27.149862"
"2015-01-31 00:00:00",,,-0.2,1.6,0.0,53.5,56.7,5.7,,,,,,,uploaded_file,"2026-03-03 20:57:27.149862"
"2015-02-28 00:00:00",,,-0.1,1.7,-0.6,52.9,56.9,5.5,,,,,,,uploaded_file,"2026-03-03 20:57:27.149862"
"2015-03-31 00:00:00",3.6,3.969,0.0,1.7,-0.8,51.5,56.5,5.4,,,,,,,uploaded_file,"2026-03-03 20:57:27.149862"
"2015-04-30 00:00:00",,,-0.1,1.8,-1.1,51.5,57.8,5.4,,,,,,,uploaded_file,"2026-03-03 20:57:27.149862"
"2015-05-31 00:00:00",,,0.0,1.8,-0.9,52.8,55.7,5.6,,,,,,,uploaded_file,"2026-03-03 20:57:27.149862"
"2015-06-30 00:00:00",2.5,3.2789,0.2,1.8,-0.5,53.5,56.0,5.3,,,,,,,uploaded_file,"2026-03-03 20:57:27.149862"
"2015-07-31 00:00:00",,,0.2,1.8,-0.7,52.7,60.3,5.2,,,,,,,uploaded_file,"2026-03-03 20:57:27.149862"
"2015-08-31 00:00:00",,,0.2,1.9,-0.9,51.1,59.0,5.1,,,,,,,uploaded_file,"2026-03-03 20:57:27.149862"
"2015-09-30 00:00:00",1.6,2.4475,0.0,1.9,-1.1,50.2,56.9,5.0,,,,,,,uploaded_file,"2026-03-03 20:57:27.149862"
"2015-10-31 00:00:00",,,0.1,1.9,-1.5,50.1,59.1,5.0,,,,,,,uploaded_file,"2026-03-03 20:57:27.149862"
"2015-11-30 00:00:00",,,0.4,2.0,-1.3,48.6,55.9,5.1,,,,,,,uploaded_file,"2026-03-03 20:57:27.149862"
"2015-12-31 00:00:00",0.7,2.12,0.6,2.1,-1.1,48.0,55.3,5.0,,,,,,,uploaded_file,"2026-03-03 20:57:27.149862"
"2016-01-31 00:00:00",,,1.2,2.1,-0.1,48.2,53.5,4.8,,,,,,,uploaded_file,"2026-03-03 20:57:27.149862"
"2016-02-29 00:00:00",,,0.8,2.2,0.1,49.5,53.4,4.9,,,,,,,uploaded_file,"2026-03-03 20:57:27.149862"
"2016-03-31 00:00:00",2.3,1.7952,0.9,2.1,-0.1,51.8,54.5,5.0,,,,,,,uploaded_file,"2026-03-03 20:57:27.149862"
"2016-04-30 00:00:00",,,1.2,2.2,0.3,50.8,55.7,5.1,,,,,,,uploaded_file,"2026-03-03 20:57:27.149862"
"2016-05-31 00:00:00",,,1.1,2.3,0.1,51.3,52.9,4.8,,,,,,,uploaded_file,"2026-03-03 20:57:27.149862"
"2016-06-30 00:00:00",1.3,1.4934,1.1,2.3,0.3,53.2,56.5,4.9,,,,,,,uploaded_file,"2026-03-03 20:57:27.149862"
"2016-07-31 00:00:00",,,0.9,2.2,0.0,52.6,55.5,4.8,,,,,,,uploaded_file,"2026-03-03 20:57:27.149862"
"2016-08-31 00:00:00",,,1.1,2.3,0.0,49.4,51.4,4.9,,,,,,,uploaded_file,"2026-03-03 20:57:27.149862"
"2016-09-30 00:00:00",2.9,1.8057,1.5,2.3,0.6,51.5,57.1,5.0,,,,,,,uploaded_file,"2026-03-03 20:57:27.149862"
"2016-10-31 00:00:00",,,1.7,2.2,1.2,51.9,54.8,4.9,,,,,,,uploaded_file,"2026-03-03 20:57:27.149862"
"2016-11-30 00:00:00",,,1.7,2.1,1.3,53.2,57.2,4.7,,,,,,,uploaded_file,"2026-03-03 20:57:27.149862"
"2016-12-31 00:00:00",2.2,2.1819,2.1,2.2,1.6,54.5,56.6,4.7,,,,,,,uploaded_file,"2026-03-03 20:57:27.149862"
"2017-01-31 00:00:00",,,2.5,2.3,1.7,56.0,56.5,4.7,,,,,,,uploaded_file,"2026-03-03 20:57:27.149862"
"2017-02-28 00:00:00",,,2.8,2.2,2.0,57.7,57.6,4.6,,,,,,,uploaded_file,"2026-03-03 20:57:27.149862"
"2017-03-31 00:00:00",2.0,2.0872,2.4,2.0,2.2,57.2,55.2,4.4,,,,,,,uploaded_file,"2026-03-03 20:57:27.149862"
"2017-04-30 00:00:00",,,2.2,1.9,2.5,54.8,57.5,4.4,,,,,,,uploaded_file,"2026-03-03 20:57:27.149862"
"2017-05-31 00:00:00",,,1.9,1.7,2.2,54.9,56.9,4.4,,,,,,,uploaded_file,"2026-03-03 20:57:27.149862"
"2017-06-30 00:00:00",2.3,2.3302,1.6,1.7,1.8,57.8,57.4,4.3,,,,,,,uploaded_file,"2026-03-03 20:57:27.149862"
"2017-07-31 00:00:00",,,1.7,1.7,2.0,56.3,53.9,4.3,,,,,,,uploaded_file,"2026-03-03 20:57:27.149862"
"2017-08-31 00:00:00",,,1.9,1.7,2.5,58.8,55.3,4.4,,,,,,,uploaded_file,"2026-03-03 20:57:27.149862"
"2017-09-30 00:00:00",3.2,2.4112,2.2,1.6,2.6,60.8,59.8,4.3,,,,,,,uploaded_file,"2026-03-03 20:57:27.149862"
"2017-10-31 00:00:00",,,2.0,1.8,2.7,58.7,60.1,4.2,,,,,,,uploaded_file,"2026-03-03 20:57:27.149862"
"2017-11-30 00:00:00",,,2.2,1.7,2.9,58.2,57.4,4.2,,,,,,,uploaded_file,"2026-03-03 20:57:27.149862"
"2017-12-31 00:00:00",4.6,2.9941,2.1,1.8,2.7,59.3,56.0,4.1,,,,,,,uploaded_file,"2026-03-03 20:57:27.149862"
"2018-01-31 00:00:00",,,2.2,1.9,2.6,59.1,59.9,4.0,,,,,,,uploaded_file,"2026-03-03 20:57:27.149862"
"2018-02-28 00:00:00",,,2.3,1.9,2.9,60.8,59.5,4.1,,,,,,,uploaded_file,"2026-03-03 20:57:27.149862"
"2018-03-31 00:00:00",3.3,3.3292,2.3,2.1,2.9,59.3,58.8,4.0,,,,,,,uploaded_file,"2026-03-03 20:57:27.149862"
"2018-04-30 00:00:00",,,2.5,2.2,2.6,57.3,56.8,4.0,,,,,,,uploaded_file,"2026-03-03 20:57:27.149862"
"2018-05-31 00:00:00",,,2.8,2.3,3.0,58.7,58.6,3.8,,,,,,,uploaded_file,"2026-03-03 20:57:27.149862"
"2018-06-30 00:00:00",2.1,3.2993,2.8,2.2,3.3,60.2,59.1,4.0,,,,,,,uploaded_file,"2026-03-03 20:57:27.149862"
"2018-07-31 00:00:00",,,2.9,2.3,3.3,58.1,55.7,3.8,,,,,,,uploaded_file,"2026-03-03 20:57:27.149862"
"2018-08-31 00:00:00",,,2.6,2.1,3.0,61.3,58.5,3.8,,,,,,,uploaded_file,"2026-03-03 20:57:27.149862"
"2018-09-30 00:00:00",2.5,3.1301,2.3,2.2,2.8,59.8,61.6,3.7,,,,,,,uploaded_file,"2026-03-03 20:57:27.149862"
"2018-10-31 00:00:00",,,2.5,2.1,3.2,57.7,60.3,3.8,,,,,,,uploaded_file,"2026-03-03 20:57:27.149862"
"2018-11-30 00:00:00",,,2.1,2.2,2.7,59.3,60.7,3.8,,,,,,,uploaded_file,"2026-03-03 20:57:27.149862"
"2018-12-31 00:00:00",0.6,2.125,2.0,2.2,2.6,54.3,58.0,3.9,,,,,,,uploaded_file,"2026-03-03 20:57:27.149862"
"2019-01-31 00:00:00",,,1.5,2.2,1.9,56.6,56.7,4.0,,,,,,,uploaded_file,"2026-03-03 20:57:27.149862"
"2019-02-28 00:00:00",,,1.5,2.1,1.8,54.2,59.7,3.8,,,,,,,uploaded_file,"2026-03-03 20:57:27.149862"
"2019-03-31 00:00:00",2.5,1.9332,1.9,2.1,2.0,55.3,56.1,3.8,,,,,,,uploaded_file,"2026-03-03 20:57:27.149862"
"2019-04-30 00:00:00",,,2.0,2.1,2.3,52.8,55.5,3.7,,,,,,,uploaded_file,"2026-03-03 20:57:27.149862"
"2019-05-31 00:00:00",,,1.8,2.0,2.1,52.1,56.9,3.6,,,,,,,uploaded_file,"2026-03-03 20:57:27.149862"
"2019-06-30 00:00:00",3.4,2.2421,1.7,2.1,1.6,51.7,55.1,3.6,,,,,,,uploaded_file,"2026-03-03 20:57:27.149862"
"2019-07-31 00:00:00",,,1.8,2.2,1.8,51.2,53.7,3.7,,,,,,,uploaded_file,"2026-03-03 20:57:27.149862"
"2019-08-31 00:00:00",,,1.7,2.3,1.8,49.1,56.4,3.6,,,,,,,uploaded_file,"2026-03-03 20:57:27.149862"
"2019-09-30 00:00:00",4.8,2.7969,1.7,2.3,1.4,47.8,52.6,3.5,,,,,,,uploaded_file,"2026-03-03 20:57:27.149862"
"2019-10-31 00:00:00",,,1.7,2.3,1.1,48.3,54.7,3.6,,,,,,,uploaded_file,"2026-03-03 20:57:27.149862"
"2019-11-30 00:00:00",,,2.1,2.4,1.0,48.1,53.9,3.6,,,,,,,uploaded_file,"2026-03-03 20:57:27.149862"
"2019-12-31 00:00:00",2.8,3.3514,2.3,2.3,1.4,47.8,54.9,3.6,,,,,,,uploaded_file,"2026-03-03 20:57:27.149862"
"2020-01-31 00:00:00",,,2.6,2.3,1.9,50.9,55.5,3.6,,,,,,,uploaded_file,"2026-03-03 20:57:27.149862"
"2020-02-29 00:00:00",,,2.3,2.4,1.2,50.1,57.3,3.5,,,,,,,uploaded_file,"2026-03-03 20:57:27.149862"
"2020-03-31 00:00:00",-5.2,1.3587,1.5,2.1,0.3,49.1,52.5,4.4,,,,,,,uploaded_file,"2026-03-03 20:57:27.149862"
"2020-04-30 00:00:00",,,0.3,1.4,-1.4,41.5,41.8,14.8,,,,,,,uploaded_file,"2026-03-03 20:57:27.149862"
"2020-05-31 00:00:00",,,0.2,1.2,-0.9,43.1,45.4,13.2,,,,,,,uploaded_file,"2026-03-03 20:57:27.149862"
"2020-06-30 00:00:00",-28.0,-7.3987,0.7,1.2,-0.6,52.6,57.1,11.0,,,,,,,uploaded_file,"2026-03-03 20:57:27.149862"
"2020-07-31 00:00:00",,,1.0,1.6,-0.3,54.2,58.1,10.2,,,,,,,uploaded_file,"2026-03-03 20:57:27.149862"
"2020-08-31 00:00:00",,,1.3,1.7,-0.2,56.0,56.9,8.4,,,,,,,uploaded_file,"2026-03-03 20:57:27.149862"
"2020-09-30 00:00:00",34.9,-1.3645,1.4,1.7,0.4,55.4,57.8,7.8,,,,,,,uploaded_file,"2026-03-03 20:57:27.149862"
"2020-10-31 00:00:00",,,1.2,1.6,0.5,59.3,56.6,6.9,,,,,,,uploaded_file,"2026-03-03 20:57:27.149862"
"2020-11-30 00:00:00",,,1.2,1.7,0.8,57.5,55.9,6.7,,,,,,,uploaded_file,"2026-03-03 20:57:27.149862"
"2020-12-31 00:00:00",4.6,-0.9221,1.3,1.6,0.8,60.5,57.7,6.7,,,,,,,uploaded_file,"2026-03-03 20:57:27.149862"
"2021-01-31 00:00:00",,,1.4,1.4,1.7,58.7,58.7,6.4,,,,,,,uploaded_file,"2026-03-03 20:57:27.149862"
"2021-02-28 00:00:00",,,1.7,1.3,2.9,60.8,55.3,6.2,,,,,,,uploaded_file,"2026-03-03 20:57:27.149862"
"2021-03-31 00:00:00",5.7,1.8006,2.7,1.6,4.1,64.7,63.7,6.1,,,,,,,uploaded_file,"2026-03-03 20:57:27.149862"
"2021-04-30 00:00:00",,,4.1,3.0,6.3,60.7,62.7,6.1,,,,,,,uploaded_file,"2026-03-03 20:57:27.149862"
"2021-05-31 00:00:00",,,4.9,3.8,6.9,61.2,64.0,5.8,,,,,,,uploaded_file,"2026-03-03 20:57:27.149862"
"2021-06-30 00:00:00",7.0,12.3855,5.3,4.4,7.4,60.6,60.1,5.9,,,,,,,uploaded_file,"2026-03-03 20:57:27.149862"
"2021-07-31 00:00:00",,,5.2,4.2,7.9,59.5,64.1,5.4,,,,,,,uploaded_file,"2026-03-03 20:57:27.149862"
"2021-08-31 00:00:00",,,5.2,3.9,8.6,59.9,61.7,5.1,,,,,,,uploaded_file,"2026-03-03 20:57:27.149862"
"2021-09-30 00:00:00",3.3,5.1506,5.4,4.0,8.8,61.1,61.9,4.7,,,,,,,uploaded_file,"2026-03-03 20:57:27.149862"
"2021-10-31 00:00:00",,,6.2,4.6,8.9,60.8,66.7,4.5,,,,,,,uploaded_file,"2026-03-03 20:57:27.149862"
"2021-11-30 00:00:00",,,6.9,5.0,10.0,61.1,69.1,4.1,,,,,,,uploaded_file,"2026-03-03 20:57:27.149862"
"2021-12-31 00:00:00",7.0,5.7561,7.2,5.5,10.2,58.8,62.3,3.9,,,,,,,uploaded_file,"2026-03-03 20:57:27.149862"
"2022-01-31 00:00:00",,,7.6,6.1,10.2,57.6,59.9,4.0,,,,,,,uploaded_file,"2026-03-03 20:57:27.149862"
"2022-02-28 00:00:00",,,7.9,6.5,10.5,58.6,56.5,3.9,,,,,,,uploaded_file,"2026-03-03 20:57:27.149862"
"2022-03-31 00:00:00",-1.0,4.0347,8.6,6.5,11.6,57.1,58.3,3.7,,,,,,,uploaded_file,"2026-03-03 20:57:27.149862"
"2022-04-30 00:00:00",,,8.2,6.2,11.1,55.4,57.1,3.7,,,,,,,uploaded_file,"2026-03-03 20:57:27.149862"
"2022-05-31 00:00:00",,,8.5,6.0,10.9,56.1,55.9,3.6,,,,,,,uploaded_file,"2026-03-03 20:57:27.149862"
"2022-06-30 00:00:00",0.6,2.4537,9.0,5.9,11.2,53.0,55.3,3.6,,,,,,,uploaded_file,"2026-03-03 20:57:27.149862"
"2022-07-31 00:00:00",,,8.5,5.9,9.7,52.8,56.7,3.5,,,,,,,uploaded_file,"2026-03-03 20:57:27.149862"
"2022-08-31 00:00:00",,,8.2,6.3,8.7,52.8,56.9,3.6,,,,,,,uploaded_file,"2026-03-03 20:57:27.149862"
"2022-09-30 00:00:00",2.9,2.349,8.2,6.6,8.5,50.9,56.7,3.5,,,,,,,uploaded_file,"2026-03-03 20:57:27.149862"
"2022-10-31 00:00:00",,,7.8,6.3,8.2,50.2,54.4,3.6,,,,,,,uploaded_file,"2026-03-03 20:57:27.149862"
"2022-11-30 00:00:00",,,7.1,6.0,7.4,49.0,56.5,3.6,,,,,,,uploaded_file,"2026-03-03 20:57:27.149862"
"2022-12-31 00:00:00",2.8,1.317,6.4,5.7,6.4,48.4,49.2,3.5,,,,,,,uploaded_file,"2026-03-03 20:57:27.149862"
"2023-01-31 00:00:00",,,6.3,5.5,5.7,47.4,55.2,3.5,,,,,,,uploaded_file,"2026-03-03 20:57:27.149862"
"2023-02-28 00:00:00",,,6.0,5.5,4.7,47.7,55.1,3.6,,,,,,,uploaded_file,"2026-03-03 20:57:27.149862"
"2023-03-31 00:00:00",2.9,2.3112,4.9,5.6,2.7,46.3,51.2,3.5,,,,,,,uploaded_file,"2026-03-03 20:57:27.149862"
"2023-04-30 00:00:00",,,5.0,5.5,2.3,47.1,51.9,3.4,,,,,,,uploaded_file,"2026-03-03 20:57:27.149862"
"2023-05-31 00:00:00",,,4.1,5.3,1.2,46.9,50.3,3.6,,,,,,,uploaded_file,"2026-03-03 20:57:27.149862"
"2023-06-30 00:00:00",2.5,2.7928,3.1,4.9,0.3,46.0,53.9,3.6,,,,,,,uploaded_file,"2026-03-03 20:57:27.149862"
"2023-07-31 00:00:00",,,3.3,4.7,1.2,46.4,52.7,3.5,,,,,,,uploaded_file,"2026-03-03 20:57:27.149862"
"2023-08-31 00:00:00",,,3.7,4.4,1.9,47.6,54.5,3.7,,,,,,,uploaded_file,"2026-03-03 20:57:27.149862"
"2023-09-30 00:00:00",4.7,3.2334,3.7,4.1,1.8,49.0,53.6,3.7,,,,,,,uploaded_file,"2026-03-03 20:57:27.149862"
"2023-10-31 00:00:00",,,3.3,4.0,1.1,46.7,51.8,3.9,,,,,,,uploaded_file,"2026-03-03 20:57:27.149862"
"2023-11-30 00:00:00",,,3.1,4.0,0.8,46.7,52.7,3.7,,,,,,,uploaded_file,"2026-03-03 20:57:27.149862"
"2023-12-31 00:00:00",3.4,3.3912,3.3,3.9,1.0,47.1,50.5,3.8,,,,,,,uploaded_file,"2026-03-03 20:57:27.149862"
"2024-01-31 00:00:00",,,3.1,3.9,1.0,49.1,53.4,3.7,,,,,,,uploaded_file,"2026-03-03 20:57:27.149862"
"2024-02-29 00:00:00",,,3.2,3.8,1.6,47.8,52.6,3.9,,,,,,,uploaded_file,"2026-03-03 20:57:27.149862"
"2024-03-31 00:00:00",0.8,2.8632,3.5,3.8,2.0,50.3,51.4,3.9,,,,,,,uploaded_file,"2026-03-03 20:57:27.149862"
"2024-04-30 00:00:00",,,3.4,3.6,2.3,49.2,49.4,3.9,,,,,,,uploaded_file,"2026-03-03 20:57:27.149862"
"2024-05-31 00:00:00",,,3.2,3.4,2.6,48.7,53.8,3.9,,,,,,,uploaded_file,"2026-03-03 20:57:27.149862"
"2024-06-30 00:00:00",3.6,3.1266,3.0,3.3,3.0,48.5,48.8,4.1,,,,,,,uploaded_file,"2026-03-03 20:57:27.149862"
"2024-07-31 00:00:00",,,2.9,3.2,2.4,46.8,51.4,4.2,,,,,,,uploaded_file,"2026-03-03 20:57:27.149862"
"2024-08-31 00:00:00",,,2.6,3.3,2.1,47.2,51.5,4.2,,,,,,,uploaded_file,"2026-03-03 20:57:27.149862"
"2024-09-30 00:00:00",3.3,2.7915,2.4,3.3,2.1,47.2,54.9,4.1,,,,,,,uploaded_file,"2026-03-03 20:57:27.149862"
"2024-10-31 00:00:00",,,2.6,3.3,2.8,46.5,56.0,4.1,,,,,,,uploaded_file,"2026-03-03 20:57:27.149862"
"2024-11-30 00:00:00",,,2.7,3.3,2.9,48.4,52.1,4.2,,,,,,,uploaded_file,"2026-03-03 20:57:27.149862"
"2024-12-31 00:00:00",1.9,2.3995,2.9,3.2,3.4,49.3,54.1,4.1,,,,,,,uploaded_file,"2026-03-03 20:57:27.149862"
"2025-01-31 00:00:00",,,3.0,3.3,3.8,50.9,52.8,4.0,,,,,,,uploaded_file,"2026-03-03 20:57:27.149862"
"2025-02-28 00:00:00",,,2.8,3.1,3.4,50.3,53.5,4.2,,,,,,,uploaded_file,"2026-03-03 20:57:27.149862"
"2025-03-31 00:00:00",-0.6,2.0193,2.4,2.8,3.2,49.0,50.8,4.2,,,,,,,uploaded_file,"2026-03-03 20:57:27.149862"
"2025-04-30 00:00:00",,,2.3,2.8,2.4,48.7,51.6,4.2,,,,,,,uploaded_file,"2026-03-03 20:57:27.149862"
"2025-05-31 00:00:00",,,2.4,2.8,2.7,48.5,49.9,4.3,,,,,,,uploaded_file,"2026-03-03 20:57:27.149862"
"2025-06-30 00:00:00",3.8,2.0806,2.7,2.9,2.4,49.0,50.8,4.1,,,,,,,uploaded_file,"2026-03-03 20:57:27.149862"
"2025-07-31 00:00:00",,,2.7,3.1,3.2,48.0,50.1,4.3,,,,,,,uploaded_file,"2026-03-03 20:57:27.149862"
"2025-08-31 00:00:00",,,2.9,3.1,2.7,48.7,52.0,4.3,,,,,,,uploaded_file,"2026-03-03 20:57:27.149862"
"2025-09-30 00:00:00",4.4,2.3349,3.0,3.0,3.0,49.1,50.0,4.4,,,,,,,uploaded_file,"2026-03-03 20:57:27.149862"
"2025-10-31 00:00:00",,,,,2.8,48.7,52.4,,,,,,,,uploaded_file,"2026-03-03 20:57:27.149862"
"2025-11-30 00:00:00",,,2.7,2.6,3.0,48.2,52.6,4.5,,,,,,,uploaded_file,"2026-03-03 20:57:27.149862"
"2025-12-31 00:00:00",1.4,2.2271,2.7,2.6,3.0,47.9,54.4,4.4,,,,,,,uploaded_file,"2026-03-03 20:57:27.149862"
"2026-01-31 00:00:00",,,2.4,2.5,2.8,52.6,53.8,4.3,,,,,,,uploaded_file,"2026-03-03 20:57:27.149862"
"2026-02-28 00:00:00",,,,,,52.4,,,,3.625,3.97,,,,uploaded_file,"2026-03-03 20:57:27.149862"
