date,gdp_yoy,cpi_yoy,ppi_yoy,pmi,m2_yoy,fixed_asset_investment,retail_sales,industrial_production,unemployment,lpr_1y,lpr_5y,fx_reserve,trade_balance,source,updated_at
"1986-12-31 00:00:00",,,,,29.3,,,,,,,,,uploaded_file,"2026-03-03 20:57:27.143898"
"1987-01-31 00:00:00",,5.1,,,,,,,,,,,,uploaded_file,"2026-03-03 20:57:27.143898"
"1987-02-28 00:00:00",,5.4,,,,,,,,,,,,uploaded_file,"2026-03-03 20:57:27.143898"
"1987-03-31 00:00:00",,5.8,,,,,,,,,,,,uploaded_file,"2026-03-03 20:57:27.143898"
"1987-04-30 00:00:00",,6.7,,,,,,,,,,,,uploaded_file,"2026-03-03 20:57:27.143898"
"1987-05-31 00:00:00",,7.6,,,,,,,,,,,,uploaded_file,"2026-03-03 20:57:27.143898"
"1987-06-30 00:00:00",,7.8,,,,,,,,,,,,uploaded_file,"2026-03-03 20:57:27.143898"
"1987-07-31 00:00:00",,7.8,,,,,,,,,,,,uploaded_file,"2026-03-03 20:57:27.143898"
"1987-08-31 00:00:00",,8.2,,,,,,,,,,,,uploaded_file,"2026-03-03 20:57:27.143898"
"1987-09-30 00:00:00",,7.7,,,,,,,,,,,,uploaded_file,"2026-03-03 20:57:27.143898"
"1987-10-31 00:00:00",,7.5,,,,,,,,,,,,uploaded_file,"2026-03-03 20:57:27.143898"
"1987-11-30 00:00:00",,8.3,,,,,,,,,,,,uploaded_file,"2026-03-03 20:57:27.143898"
"1987-12-31 00:00:00",,8.9,,,24.0,,,,,,,,,uploaded_file,"2026-03-03 20:57:27.143898"
"1988-01-31 00:00:00",,9.4,,,,,,,,,,,,uploaded_file,"2026-03-03 20:57:27.143898"
"1988-02-29 00:00:00",,10.4,,,,,,,,,,,,uploaded_file,"2026-03-03 20:57:27.143898"
"1988-03-31 00:00:00",,11.3,,,,,,,,,,,,uploaded_file,"2026-03-03 20:57:27.143898"
"1988-04-30 00:00:00",,12.2,,,,,,,,,,,,uploaded_file,"2026-03-03 20:57:27.143898"
"1988-05-31 00:00:00",,14.2,,,,,,,,,,,,uploaded_file,"2026-03-03 20:57:27.143898"
"1988-06-30 00:00:00",,16.3,,,,,,,,,,,,uploaded_file,"2026-03-03 20:57:27.143898"
"1988-07-31 00:00:00",,19.2,,,,,,,,,,,,uploaded_file,"2026-03-03 20:57:27.143898"
"1988-08-31 00:00:00",,23.6,,,,,,,,,,,,uploaded_file,"2026-03-03 20:57:27.143898"
"1988-09-30 00:00:00",,26.4,,,,,,,,,,,,uploaded_file,"2026-03-03 20:57:27.143898"
"1988-10-31 00:00:00",,27.1,,,,,,,,,,,,uploaded_file,"2026-03-03 20:57:27.143898"
"1988-11-30 00:00:00",,26.8,,,,,,,,,,,,uploaded_file,"2026-03-03 20:57:27.143898"
"1988-12-31 00:00:00",,27.9,,,21.2,,,,,,,,,uploaded_file,"2026-03-03 20:57:27.143898"
"1989-01-31 00:00:00",,27.4,,,,,,,,,,,,uploaded_file,"2026-03-03 20:57:27.143898"
"1989-02-28 00:00:00",,28.4,,,,,,,,,,,,uploaded_file,"2026-03-03 20:57:27.143898"
"1989-03-31 00:00:00",,27.1,,,,,,,,,,,,uploaded_file,"2026-03-03 20:57:27.143898"
"1989-04-30 00:00:00",,26.6,,,,,,,,,,,,uploaded_file,"2026-03-03 20:57:27.143898"
"1989-05-31 00:00:00",,24.8,,,,,,,,,,,,uploaded_file,"2026-03-03 20:57:27.143898"
"1989-06-30 00:00:00",,22.8,,,,,,,,,,,,uploaded_file,"2026-03-03 20:57:27.143898"
"1989-07-31 00:00:00",,19.4,,,,,,,,,,,,uploaded_file,"2026-03-03 20:57:27.143898"
"1989-08-31 00:00:00",,15.3,,,,,,,,,,,,uploaded_file,"2026-03-03 20:57:27.143898"
"1989-09-30 00:00:00",,11.5,,,,,,,,,,,,uploaded_file,"2026-03-03 20:57:27.143898"
"1989-10-31 00:00:00",,8.6,,,,,,,,,,,,uploaded_file,"2026-03-03 20:57:27.143898"
"1989-11-30 00:00:00",,7.4,,,,,,,,,,,,uploaded_file,"2026-03-03 20:57:27.143898"
"1989-12-31 00:00:00",,6.6,,,18.3,,,,,,,,,uploaded_file,"2026-03-03 20:57:27.143898"
"1990-01-31 00:00:00",,4.3,,,,,,,,,,,,uploaded_file,"2026-03-03 20:57:27.143898"
"1990-02-28 00:00:00",,4.4,,,,,,,,,,,,uploaded_file,"2026-03-03 20:57:27.143898"
"1990-03-31 00:00:00",,3.4,,,,,,,,,,,,uploaded_file,"2026-03-03 20:57:27.143898"
"1990-04-30 00:00:00",,3.2,,,,,,,,,,,,uploaded_file,"2026-03-03 20:57:27.143898"
"1990-05-31 00:00:00",,2.7,,,,,,,,,,,,uploaded_file,"2026-03-03 20:57:27.143898"
"1990-06-30 00:00:00",,1.1,,,,,,,,,,,,uploaded_file,"2026-03-03 20:57:27.143898"
"1990-07-31 00:00:00",,1.1,,,,,,,,,,,,uploaded_file,"2026-03-03 20:57:27.143898"
"1990-08-31 00:00:00",,2.5,,,,,,,,,,,,uploaded_file,"2026-03-03 20:57:27.143898"
"1990-09-30 00:00:00",,2.9,,,,,,,,,,,,uploaded_file,"2026-03-03 20:57:27.143898"
"1990-10-31 00:00:00",,3.1,,,,,,,,,,,,uploaded_file,"2026-03-03 20:57:27.143898"
"1990-11-30 00:00:00",,3.7,,,,,,,,,,,,uploaded_file,"2026-03-03 20:57:27.143898"
"1990-12-31 00:00:00",,4.3,,,28.0,,,,,,,,,uploaded_file,"2026-03-03 20:57:27.143898"
"1991-01-31 00:00:00",,2.2,,,,,,,,,,,,uploaded_file,"2026-03-03 20:57:27.143898"
"1991-02-28 00:00:00",,1.0,,,,,,,,,,,,uploaded_file,"2026-03-03 20:57:27.143898"
"1991-03-31 00:00:00",,1.6,,,,,,,,,,,,uploaded_file,"2026-03-03 20:57:27.143898"
"1991-04-30 00:00:00",,1.3,,,,,,,,,,,,uploaded_file,"2026-03-03 20:57:27.143898"
"1991-05-31 00:00:00",,3.6,,,,,,,,,,,,uploaded_file,"2026-03-03 20:57:27.143898"
"1991-06-30 00:00:00",,4.4,,,,,,,,,,,,uploaded_file,"2026-03-03 20:57:27.143898"
"1991-07-31 00:00:00",,4.7,,,,,,,,,,,,uploaded_file,"2026-03-03 20:57:27.143898"
"1991-08-31 00:00:00",,4.9,,,,,,,,,,,,uploaded_file,"2026-03-03 20:57:27.143898"
"1991-09-30 00:00:00",,4.5,,,,,,,,,,,,uploaded_file,"2026-03-03 20:57:27.143898"
"1991-10-31 00:00:00",,4.8,,,,,,,,,,,,uploaded_file,"2026-03-03 20:57:27.143898"
"1991-11-30 00:00:00",,4.4,,,,,,,,,,,,uploaded_file,"2026-03-03 20:57:27.143898"
"1991-12-31 00:00:00",,4.5,,,26.5,,,,,,,,,uploaded_file,"2026-03-03 20:57:27.143898"
"1992-01-31 00:00:00",,5.5,,,,,,,,,,,,uploaded_file,"2026-03-03 20:57:27.143898"
"1992-02-29 00:00:00",,5.3,,,,,,,,,,,,uploaded_file,"2026-03-03 20:57:27.143898"
"1992-03-31 00:00:00",13.6,5.3,,,,,,,,,,,,uploaded_file,"2026-03-03 20:57:27.143898"
"1992-04-30 00:00:00",,7.1,,,,,,,,,,,,uploaded_file,"2026-03-03 20:57:27.143898"
"1992-05-31 00:00:00",,4.7,,,,,,,,,,,,uploaded_file,"2026-03-03 20:57:27.143898"
"1992-06-30 00:00:00",14.1,4.8,,,,,,,,,,,,uploaded_file,"2026-03-03 20:57:27.143898"
"1992-07-31 00:00:00",,5.2,,,,,,,,,,,,uploaded_file,"2026-03-03 20:57:27.143898"
"1992-08-31 00:00:00",,5.8,,,,,,,,,,,,uploaded_file,"2026-03-03 20:57:27.143898"
"1992-09-30 00:00:00",14.6,7.5,,,,,,,,,,,,uploaded_file,"2026-03-03 20:57:27.143898"
"1992-10-31 00:00:00",,7.9,,,,,,,,,,,,uploaded_file,"2026-03-03 20:57:27.143898"
"1992-11-30 00:00:00",,8.2,,,,,,,,,,,,uploaded_file,"2026-03-03 20:57:27.143898"
"1992-12-31 00:00:00",14.6,8.8,,,31.3,,,,,,,,,uploaded_file,"2026-03-03 20:57:27.143898"
"1993-01-31 00:00:00",,10.3,,,,,,,,,,,,uploaded_file,"2026-03-03 20:57:27.143898"
"1993-02-28 00:00:00",,10.5,,,,,,,,,,,,uploaded_file,"2026-03-03 20:57:27.143898"
"1993-03-31 00:00:00",15.3,12.2,,,,,,,,,,,,uploaded_file,"2026-03-03 20:57:27.143898"
"1993-04-30 00:00:00",,12.6,,,,,,,,,,,,uploaded_file,"2026-03-03 20:57:27.143898"
"1993-05-31 00:00:00",,14.0,,,,,,,,,,,,uploaded_file,"2026-03-03 20:57:27.143898"
"1993-06-30 00:00:00",13.5,15.1,,,,,,,,,,,,uploaded_file,"2026-03-03 20:57:27.143898"
"1993-07-31 00:00:00",,16.2,,,,,,,,,,,,uploaded_file,"2026-03-03 20:57:27.143898"
"1993-08-31 00:00:00",,16.0,,,,,,,,,,,,uploaded_file,"2026-03-03 20:57:27.143898"
"1993-09-30 00:00:00",13.0,15.7,,,,,,,,,,,,uploaded_file,"2026-03-03 20:57:27.143898"
"1993-10-31 00:00:00",,15.9,,,,,,,,,,,,uploaded_file,"2026-03-03 20:57:27.143898"
"1993-11-30 00:00:00",,16.7,,,,,,,,,,,,uploaded_file,"2026-03-03 20:57:27.143898"
"1993-12-31 00:00:00",14.2,18.8,,,37.3,,,,,,,,,uploaded_file,"2026-03-03 20:57:27.143898"
"1994-01-31 00:00:00",,21.1,,,,,,,,,,,,uploaded_file,"2026-03-03 20:57:27.143898"
"1994-02-28 00:00:00",,23.2,,,,,,,,,,,,uploaded_file,"2026-03-03 20:57:27.143898"
"1994-03-31 00:00:00",14.2,22.4,,,,,,,,,,,,uploaded_file,"2026-03-03 20:57:27.143898"
"1994-04-30 00:00:00",,21.7,,,,,,,,,,,,uploaded_file,"2026-03-03 20:57:27.143898"
"1994-05-31 00:00:00",,21.3,,,,,,,,,,,,uploaded_file,"2026-03-03 20:57:27.143898"
"1994-06-30 00:00:00",13.4,22.6,,,,,,,,,,,,uploaded_file,"2026-03-03 20:57:27.143898"
"1994-07-31 00:00:00",,24.0,,,,,,,,,,,,uploaded_file,"2026-03-03 20:57:27.143898"
"1994-08-31 00:00:00",,25.8,,,,,,,,,,,,uploaded_file,"2026-03-03 20:57:27.143898"
"1994-09-30 00:00:00",13.1,27.3,,,,,,,,,,,,uploaded_file,"2026-03-03 20:57:27.143898"
"1994-10-31 00:00:00",,27.7,,,,,,,,,,,,uploaded_file,"2026-03-03 20:57:27.143898"
"1994-11-30 00:00:00",,27.5,,,,,,,,,,,,uploaded_file,"2026-03-03 20:57:27.143898"
"1994-12-31 00:00:00",12.1,25.5,,,34.5,,,,,,,,,uploaded_file,"2026-03-03 20:57:27.143898"
"1995-01-31 00:00:00",,24.1,,,,,,,,,,,,uploaded_file,"2026-03-03 20:57:27.143898"
"1995-02-28 00:00:00",,22.4,,,,,,,,,,,,uploaded_file,"2026-03-03 20:57:27.143898"
"1995-03-31 00:00:00",12.0,21.3,,,,,,,,,,,,uploaded_file,"2026-03-03 20:57:27.143898"
"1995-04-30 00:00:00",,20.7,,,,,,,,,,,,uploaded_file,"2026-03-03 20:57:27.143898"
"1995-05-31 00:00:00",,20.3,,,,,,,,,,,,uploaded_file,"2026-03-03 20:57:27.143898"
"1995-06-30 00:00:00",11.0,18.2,,,,,,,,,,,,uploaded_file,"2026-03-03 20:57:27.143898"
"1995-07-31 00:00:00",,16.7,,,,,,,,,,,,uploaded_file,"2026-03-03 20:57:27.143898"
"1995-08-31 00:00:00",,14.5,,,,,,,,,,,,uploaded_file,"2026-03-03 20:57:27.143898"
"1995-09-30 00:00:00",10.5,13.2,,,,,,,,,,,,uploaded_file,"2026-03-03 20:57:27.143898"
"1995-10-31 00:00:00",,12.1,,,,,,,,,,,,uploaded_file,"2026-03-03 20:57:27.143898"
"1995-11-30 00:00:00",,11.2,,,,,,,,,,,,uploaded_file,"2026-03-03 20:57:27.143898"
"1995-12-31 00:00:00",10.8,10.1,,,29.5,,,,,,,,,uploaded_file,"2026-03-03 20:57:27.143898"
"1996-01-31 00:00:00",,9.0,,,25.9,,,,,,,,,uploaded_file,"2026-03-03 20:57:27.143898"
"1996-02-29 00:00:00",,9.3,,,27.2,,,,,,,,,uploaded_file,"2026-03-03 20:57:27.143898"
"1996-03-31 00:00:00",11.0,9.8,,,28.3,,,,,,,,,uploaded_file,"2026-03-03 20:57:27.143898"
"1996-04-30 00:00:00",,9.7,,,28.5,,,,,,,,,uploaded_file,"2026-03-03 20:57:27.143898"
"1996-05-31 00:00:00",,8.9,,,28.4,,,,,,,,,uploaded_file,"2026-03-03 20:57:27.143898"
"1996-06-30 00:00:00",9.4,8.6,,,28.2,,,,,,,,,uploaded_file,"2026-03-03 20:57:27.143898"
"1996-07-31 00:00:00",,8.3,,,27.0,,,,,,,,,uploaded_file,"2026-03-03 20:57:27.143898"
"1996-08-31 00:00:00",,8.1,,,27.5,,,,,,,,,uploaded_file,"2026-03-03 20:57:27.143898"
"1996-09-30 00:00:00",9.3,7.4,,,27.8,,,,,,,,,uploaded_file,"2026-03-03 20:57:27.143898"
"1996-10-31 00:00:00",,7.0,0.34,,26.4,,,,,,,,,uploaded_file,"2026-03-03 20:57:27.143898"
"1996-11-30 00:00:00",,6.9,0.04,,25.1,,,,,,,,,uploaded_file,"2026-03-03 20:57:27.143898"
"1996-12-31 00:00:00",10.3,7.0,0.43,,25.3,,,,,,,,,uploaded_file,"2026-03-03 20:57:27.143898"
"1997-01-31 00:00:00",,5.9,0.12,,24.8,,,,,,,,,uploaded_file,"2026-03-03 20:57:27.143898"
"1997-02-28 00:00:00",,5.6,0.44,,21.7,,,,,,,,,uploaded_file,"2026-03-03 20:57:27.143898"
"1997-03-31 00:00:00",10.2,4.0,0.47,,21.1,,,,,,,,,uploaded_file,"2026-03-03 20:57:27.143898"
"1997-04-30 00:00:00",,3.2,0.06,,20.6,,,,,,,,,uploaded_file,"2026-03-03 20:57:27.143898"
"1997-05-31 00:00:00",,2.8,0.07,,19.1,,,,,,,,,uploaded_file,"2026-03-03 20:57:27.143898"
"1997-06-30 00:00:00",10.1,2.8,-0.37,,19.1,,,,,,,,,uploaded_file,"2026-03-03 20:57:27.143898"
"1997-07-31 00:00:00",,2.7,-0.65,,18.1,,,,,,,,,uploaded_file,"2026-03-03 20:57:27.143898"
"1997-08-31 00:00:00",,1.9,-0.89,,17.2,,,,,,,,,uploaded_file,"2026-03-03 20:57:27.143898"
"1997-09-30 00:00:00",8.7,1.8,-0.95,,17.1,,,,,,,,,uploaded_file,"2026-03-03 20:57:27.143898"
"1997-10-31 00:00:00",,1.5,-0.92,,16.4,,,,,,,,,uploaded_file,"2026-03-03 20:57:27.143898"
"1997-11-30 00:00:00",,1.1,-0.61,,16.1,,,,,,,,,uploaded_file,"2026-03-03 20:57:27.143898"
"1997-12-31 00:00:00",8.6,0.4,-0.92,,17.3,,,,,,,,,uploaded_file,"2026-03-03 20:57:27.143898"
"1998-01-31 00:00:00",,0.3,-1.32,,17.4,,,,,,,,,uploaded_file,"2026-03-03 20:57:27.143898"
"1998-02-28 00:00:00",,-0.1,-2.65,,16.7,,,,,,,,,uploaded_file,"2026-03-03 20:57:27.143898"
"1998-03-31 00:00:00",7.3,0.7,-3.2,,15.4,,,,,,,,,uploaded_file,"2026-03-03 20:57:27.143898"
"1998-04-30 00:00:00",,-0.3,-3.69,,14.6,,,,,,,,,uploaded_file,"2026-03-03 20:57:27.143898"
"1998-05-31 00:00:00",,-1.0,-4.47,,15.5,,,,,,,,,uploaded_file,"2026-03-03 20:57:27.143898"
"1998-06-30 00:00:00",7.0,-1.3,-4.88,,14.6,,,,,,,,,uploaded_file,"2026-03-03 20:57:27.143898"
"1998-07-31 00:00:00",,-1.4,-4.96,,15.5,,,,,,,,,uploaded_file,"2026-03-03 20:57:27.143898"
"1998-08-31 00:00:00",,-1.4,-5.54,,15.0,,,,,,,,,uploaded_file,"2026-03-03 20:57:27.143898"
"1998-09-30 00:00:00",7.9,-1.5,-4.19,,16.0,,,,,,,,,uploaded_file,"2026-03-03 20:57:27.143898"
"1998-10-31 00:00:00",,-1.1,-5.38,,16.3,,,,,,,,,uploaded_file,"2026-03-03 20:57:27.143898"
"1998-11-30 00:00:00",,-1.2,-5.68,,16.7,,,,,,,,,uploaded_file,"2026-03-03 20:57:27.143898"
"1998-12-31 00:00:00",9.2,-1.0,-5.38,,15.3,,,,,,,,,uploaded_file,"2026-03-03 20:57:27.143898"
"1999-01-31 00:00:00",,-1.2,-4.92,,14.4,,,,,,,,,uploaded_file,"2026-03-03 20:57:27.143898"
"1999-02-28 00:00:00",,-1.3,-4.89,,18.0,,,,,,,,,uploaded_file,"2026-03-03 20:57:27.143898"
"1999-03-31 00:00:00",9.0,-1.8,-4.62,,17.8,,,,,,,,,uploaded_file,"2026-03-03 20:57:27.143898"
"1999-04-30 00:00:00",,-2.2,-3.86,,17.9,,,,,,,,,uploaded_file,"2026-03-03 20:57:27.143898"
"1999-05-31 00:00:00",,-2.2,-3.42,,17.2,,,,,,,,,uploaded_file,"2026-03-03 20:57:27.143898"
"1999-06-30 00:00:00",7.9,-2.1,-3.6,,17.7,,,,,,,,,uploaded_file,"2026-03-03 20:57:27.143898"
"1999-07-31 00:00:00",,-1.4,-2.51,,15.7,,,,,,,,,uploaded_file,"2026-03-03 20:57:27.143898"
"1999-08-31 00:00:00",,-1.3,-2.3,,16.0,,,,,,,,,uploaded_file,"2026-03-03 20:57:27.143898"
"1999-09-30 00:00:00",7.7,-0.8,-2.1,,15.3,,,,,,,,,uploaded_file,"2026-03-03 20:57:27.143898"
"1999-10-31 00:00:00",,-0.6,-0.74,,14.5,,,,,,,,,uploaded_file,"2026-03-03 20:57:27.143898"
"1999-11-30 00:00:00",,-0.9,-1.04,,14.0,,,,,,,,,uploaded_file,"2026-03-03 20:57:27.143898"
"1999-12-31 00:00:00",6.8,-1.0,-0.83,,14.7,,,,,,,,,uploaded_file,"2026-03-03 20:57:27.143898"
"2000-01-31 00:00:00",,-0.2,0.03,,14.33,,,,,,,,,uploaded_file,"2026-03-03 20:57:27.143898"
"2000-02-29 00:00:00",,0.7,1.2,,13.51,,,,,,,,,uploaded_file,"2026-03-03 20:57:27.143898"
"2000-03-31 00:00:00",8.8,-0.2,1.87,,13.38,,,,,,,,,uploaded_file,"2026-03-03 20:57:27.143898"
"2000-04-30 00:00:00",,-0.3,2.59,,14.46,,,,,,,,,uploaded_file,"2026-03-03 20:57:27.143898"
"2000-05-31 00:00:00",,0.1,0.67,,14.01,,,,,,,,,uploaded_file,"2026-03-03 20:57:27.143898"
"2000-06-30 00:00:00",9.2,0.5,2.95,,14.39,,,,,,,,,uploaded_file,"2026-03-03 20:57:27.143898"
"2000-07-31 00:00:00",,0.5,4.5,,15.55,,,,,,,,,uploaded_file,"2026-03-03 20:57:27.143898"
"2000-08-31 00:00:00",,0.3,3.92,,14.82,,,,,,,,,uploaded_file,"2026-03-03 20:57:27.143898"
"2000-09-30 00:00:00",8.9,0.0,3.7,,15.27,,,,,,,,,uploaded_file,"2026-03-03 20:57:27.143898"
"2000-10-31 00:00:00",,0.0,3.6,,14.2,,,,,,,,,uploaded_file,"2026-03-03 20:57:27.143898"
"2000-11-30 00:00:00",,1.3,3.5,,15.15,,,,,,,,,uploaded_file,"2026-03-03 20:57:27.143898"
"2000-12-31 00:00:00",7.6,1.5,2.8,,13.99,,,,,,,,,uploaded_file,"2026-03-03 20:57:27.143898"
"2001-01-31 00:00:00",,1.2,1.43,,15.16,,,,,,,,,uploaded_file,"2026-03-03 20:57:27.143898"
"2001-02-28 00:00:00",,0.0,0.9,,15.2,,,,,,,,,uploaded_file,"2026-03-03 20:57:27.143898"
"2001-03-31 00:00:00",9.5,0.8,0.2,,14.83,,,,,,,,,uploaded_file,"2026-03-03 20:57:27.143898"
"2001-04-30 00:00:00",,1.6,-0.1,,13.94,,,,,,,,,uploaded_file,"2026-03-03 20:57:27.143898"
"2001-05-31 00:00:00",,1.7,-0.2,,14.48,,,,,,,,,uploaded_file,"2026-03-03 20:57:27.143898"
"2001-06-30 00:00:00",8.6,1.4,-0.6,,14.3,,,,,,,,,uploaded_file,"2026-03-03 20:57:27.143898"
"2001-07-31 00:00:00",,1.5,-1.3,,13.5,,,,,,,,,uploaded_file,"2026-03-03 20:57:27.143898"
"2001-08-31 00:00:00",,1.0,-2.0,,13.6,,,,,,,,,uploaded_file,"2026-03-03 20:57:27.143898"
"2001-09-30 00:00:00",8.0,-0.1,-2.9,,13.6,,,,,,,,,uploaded_file,"2026-03-03 20:57:27.143898"
"2001-10-31 00:00:00",,0.2,-3.1,,12.9,,,,,,,,,uploaded_file,"2026-03-03 20:57:27.143898"
"2001-11-30 00:00:00",,-0.3,-3.7,,13.2,,,,,,,,,uploaded_file,"2026-03-03 20:57:27.143898"
"2001-12-31 00:00:00",7.5,-0.3,-4.0,,14.4,,,,,,,,,uploaded_file,"2026-03-03 20:57:27.143898"
"2002-01-31 00:00:00",,-1.0,-4.2,,13.1,,,,,,,,,uploaded_file,"2026-03-03 20:57:27.143898"
"2002-02-28 00:00:00",,0.0,-4.2,,13.0,,,,,,,,,uploaded_file,"2026-03-03 20:57:27.143898"
"2002-03-31 00:00:00",9.0,-0.8,-4.0,,14.4,,,,,,,,,uploaded_file,"2026-03-03 20:57:27.143898"
"2002-04-30 00:00:00",,-1.3,-3.06,,14.1,,,,,,,,,uploaded_file,"2026-03-03 20:57:27.143898"
"2002-05-31 00:00:00",,-1.1,-2.63,,14.0,,,,,,,,,uploaded_file,"2026-03-03 20:57:27.143898"
"2002-06-30 00:00:00",8.9,-0.8,-2.5,,14.7,,,,,,,,,uploaded_file,"2026-03-03 20:57:27.143898"
"2002-07-31 00:00:00",,-0.9,-2.3,,14.4,,,,,,,,,uploaded_file,"2026-03-03 20:57:27.143898"
"2002-08-31 00:00:00",,-0.7,-1.7,,15.5,,,,,,,,,uploaded_file,"2026-03-03 20:57:27.143898"
"2002-09-30 00:00:00",9.7,-0.7,-1.4,,16.5,,,,,,,,,uploaded_file,"2026-03-03 20:57:27.143898"
"2002-10-31 00:00:00",,-0.8,-1.0,,17.0,,,,,,,,,uploaded_file,"2026-03-03 20:57:27.143898"
"2002-11-30 00:00:00",,-0.7,-0.4,,16.6,,,,,,,,,uploaded_file,"2026-03-03 20:57:27.143898"
"2002-12-31 00:00:00",9.2,-0.4,0.4,,16.78,,,,,,,,,uploaded_file,"2026-03-03 20:57:27.143898"
"2003-01-31 00:00:00",,0.4,2.4,,19.3,,,,,,,,,uploaded_file,"2026-03-03 20:57:27.143898"
"2003-02-28 00:00:00",,0.2,4.0,,18.1,,,,,,,,,uploaded_file,"2026-03-03 20:57:27.143898"
"2003-03-31 00:00:00",11.2,0.9,4.6,,18.54,,,,,,,,,uploaded_file,"2026-03-03 20:57:27.143898"
"2003-04-30 00:00:00",,1.0,3.6,,19.2,,,,,,,,,uploaded_file,"2026-03-03 20:57:27.143898"
"2003-05-31 00:00:00",,0.7,2.0,,20.2,,,,,,,,,uploaded_file,"2026-03-03 20:57:27.143898"
"2003-06-30 00:00:00",9.2,0.3,1.3,,20.83,,,,,,,,,uploaded_file,"2026-03-03 20:57:27.143898"
"2003-07-31 00:00:00",,0.5,1.4,,20.7,,,,,,,,,uploaded_file,"2026-03-03 20:57:27.143898"
"2003-08-31 00:00:00",,0.9,1.4,,21.55,,,,,,,,,uploaded_file,"2026-03-03 20:57:27.143898"
"2003-09-30 00:00:00",10.1,1.1,1.4,,20.67,,,,,,,,,uploaded_file,"2026-03-03 20:57:27.143898"
"2003-10-31 00:00:00",,1.8,1.2,,20.97,,,,,,,,,uploaded_file,"2026-03-03 20:57:27.143898"
"2003-11-30 00:00:00",,3.0,1.9,,20.37,,,,,,,,,uploaded_file,"2026-03-03 20:57:27.143898"
"2003-12-31 00:00:00",10.1,3.2,3.0,,19.6,,,,,,,,,uploaded_file,"2026-03-03 20:57:27.143898"
"2004-01-31 00:00:00",,3.2,3.5,,18.1,,,,,,,,,uploaded_file,"2026-03-03 20:57:27.143898"
"2004-02-29 00:00:00",,2.1,3.5,,19.4,,,,,,,,,uploaded_file,"2026-03-03 20:57:27.143898"
"2004-03-31 00:00:00",10.6,3.0,4.0,,19.1,,,,,,,,,uploaded_file,"2026-03-03 20:57:27.143898"
"2004-04-30 00:00:00",,3.8,5.0,,19.1,,,,,,,,,uploaded_file,"2026-03-03 20:57:27.143898"
"2004-05-31 00:00:00",,4.4,5.7,,17.5,,,,,,,,,uploaded_file,"2026-03-03 20:57:27.143898"
"2004-06-30 00:00:00",11.6,5.0,6.4,,16.2,,,,,,,,,uploaded_file,"2026-03-03 20:57:27.143898"
"2004-07-31 00:00:00",,5.3,6.4,,15.3,,,,,,,,,uploaded_file,"2026-03-03 20:57:27.143898"
"2004-08-31 00:00:00",,5.3,6.8,,13.63,,,,,,,,,uploaded_file,"2026-03-03 20:57:27.143898"
"2004-09-30 00:00:00",9.8,5.2,7.9,,13.94,,,,,,,,,uploaded_file,"2026-03-03 20:57:27.143898"
"2004-10-31 00:00:00",,4.3,8.4,,13.45,,,,,,,,,uploaded_file,"2026-03-03 20:57:27.143898"
"2004-11-30 00:00:00",,2.8,8.1,,14.0,,,,,,,,,uploaded_file,"2026-03-03 20:57:27.143898"
"2004-12-31 00:00:00",8.8,2.4,7.1,,14.6,,,,,,,,,uploaded_file,"2026-03-03 20:57:27.143898"
"2005-01-31 00:00:00",,1.9,5.8,54.7,14.13,,,,,,,,,uploaded_file,"2026-03-03 20:57:27.143898"
"2005-02-28 00:00:00",,3.9,5.38,54.5,13.9,,,,,,,,,uploaded_file,"2026-03-03 20:57:27.143898"
"2005-03-31 00:00:00",11.2,2.7,5.6,57.9,14.0,,,,,,,,,uploaded_file,"2026-03-03 20:57:27.143898"
"2005-04-30 00:00:00",,1.8,5.78,56.7,14.1,,,,,,,,,uploaded_file,"2026-03-03 20:57:27.143898"
"2005-05-31 00:00:00",,1.8,5.9,52.9,14.6,,,,,,,,,uploaded_file,"2026-03-03 20:57:27.143898"
"2005-06-30 00:00:00",11.1,1.6,5.2,51.7,15.67,,,,,,,,,uploaded_file,"2026-03-03 20:57:27.143898"
"2005-07-31 00:00:00",,1.8,5.2,51.1,16.3,,,,,,,,,uploaded_file,"2026-03-03 20:57:27.143898"
"2005-08-31 00:00:00",,1.3,5.3,52.6,17.34,,,,,,,,,uploaded_file,"2026-03-03 20:57:27.143898"
"2005-09-30 00:00:00",10.9,0.9,4.5,55.1,17.92,,,,,,,,,uploaded_file,"2026-03-03 20:57:27.143898"
"2005-10-31 00:00:00",,1.2,4.0,54.1,17.99,,,,,,,,,uploaded_file,"2026-03-03 20:57:27.143898"
"2005-11-30 00:00:00",,1.3,3.2,54.1,18.3,,,,,,,,,uploaded_file,"2026-03-03 20:57:27.143898"
"2005-12-31 00:00:00",12.4,1.6,3.2,54.3,17.57,,,,,,,,,uploaded_file,"2026-03-03 20:57:27.143898"
"2006-01-31 00:00:00",,1.9,3.05,52.1,19.21,,,,,,,,,uploaded_file,"2026-03-03 20:57:27.143898"
"2006-02-28 00:00:00",,0.9,3.01,52.1,18.8,,,,,,,,,uploaded_file,"2026-03-03 20:57:27.143898"
"2006-03-31 00:00:00",12.4,0.8,2.49,55.3,18.8,,,,,,,,,uploaded_file,"2026-03-03 20:57:27.143898"
"2006-04-30 00:00:00",,1.2,1.87,58.1,18.9,,,,,,,,,uploaded_file,"2026-03-03 20:57:27.143898"
"2006-05-31 00:00:00",,1.4,2.43,54.8,19.1,,,,,,,,,uploaded_file,"2026-03-03 20:57:27.143898"
"2006-06-30 00:00:00",13.6,1.5,3.52,54.1,18.43,,,,,,,,,uploaded_file,"2026-03-03 20:57:27.143898"
"2006-07-31 00:00:00",,1.0,3.58,52.4,18.4,,,,,,,,,uploaded_file,"2026-03-03 20:57:27.143898"
"2006-08-31 00:00:00",,1.3,3.4,53.1,17.9,,,,,,,,,uploaded_file,"2026-03-03 20:57:27.143898"
"2006-09-30 00:00:00",12.2,1.5,3.5,57.0,16.83,,,,,,,,,uploaded_file,"2026-03-03 20:57:27.143898"
"2006-10-31 00:00:00",,1.4,2.9,54.7,17.1,,,,,,,,,uploaded_file,"2026-03-03 20:57:27.143898"
"2006-11-30 00:00:00",,1.9,2.78,55.3,16.8,,,,,,,,,uploaded_file,"2026-03-03 20:57:27.143898"
"2006-12-31 00:00:00",12.5,2.8,3.1,54.8,16.94,,,,,,,,,uploaded_file,"2026-03-03 20:57:27.143898"
"2007-01-31 00:00:00",,2.2,3.3,55.1,15.93,,,,,,,,,uploaded_file,"2026-03-03 20:57:27.143898"
"2007-02-28 00:00:00",,2.7,2.6,53.1,17.8,,,,,,,,,uploaded_file,"2026-03-03 20:57:27.143898"
"2007-03-31 00:00:00",13.6,3.3,2.7,56.1,17.3,,,,,,,,,uploaded_file,"2026-03-03 20:57:27.143898"
"2007-04-30 00:00:00",,3.0,2.9,58.6,17.1,,,,,,,,,uploaded_file,"2026-03-03 20:57:27.143898"
"2007-05-31 00:00:00",,3.4,2.8,55.7,16.74,,,,,,,,,uploaded_file,"2026-03-03 20:57:27.143898"
"2007-06-30 00:00:00",14.9,4.4,2.49,54.5,17.06,,,,,,,,,uploaded_file,"2026-03-03 20:57:27.143898"
"2007-07-31 00:00:00",,5.6,2.4,53.3,18.5,,,,,,,,,uploaded_file,"2026-03-03 20:57:27.143898"
"2007-08-31 00:00:00",,6.5,2.6,54.0,18.1,,,,,,,,,uploaded_file,"2026-03-03 20:57:27.143898"
"2007-09-30 00:00:00",14.2,6.2,2.7,56.1,18.45,,,,,,,,,uploaded_file,"2026-03-03 20:57:27.143898"
"2007-10-31 00:00:00",,6.5,3.2,53.2,18.47,,,,,,,,,uploaded_file,"2026-03-03 20:57:27.143898"
"2007-11-30 00:00:00",,6.9,4.55,55.4,18.45,,,,,,,,,uploaded_file,"2026-03-03 20:57:27.143898"
"2007-12-31 00:00:00",13.9,6.5,5.43,55.3,16.72,,,,,,,,,uploaded_file,"2026-03-03 20:57:27.143898"
"2008-01-31 00:00:00",,7.1,6.1,53.0,18.94,,,,,,,,,uploaded_file,"2026-03-03 20:57:27.143898"
"2008-02-29 00:00:00",,8.7,6.62,53.4,17.48,,,,,,,,,uploaded_file,"2026-03-03 20:57:27.143898"
"2008-03-31 00:00:00",11.6,8.3,7.95,58.4,16.29,,,,,,,,,uploaded_file,"2026-03-03 20:57:27.143898"
"2008-04-30 00:00:00",,8.5,8.12,59.2,16.94,,,,,,,,,uploaded_file,"2026-03-03 20:57:27.143898"
"2008-05-31 00:00:00",,7.7,8.22,53.3,18.07,,,,,,,,,uploaded_file,"2026-03-03 20:57:27.143898"
"2008-06-30 00:00:00",11.0,7.1,8.84,52.0,17.37,,,,,,,,,uploaded_file,"2026-03-03 20:57:27.143898"
"2008-07-31 00:00:00",,6.3,10.03,48.4,16.35,,,,,,,,,uploaded_file,"2026-03-03 20:57:27.143898"
"2008-08-31 00:00:00",,4.9,10.06,48.4,16.0,,,,,,,,,uploaded_file,"2026-03-03 20:57:27.143898"
"2008-09-30 00:00:00",9.5,4.6,9.13,51.2,15.29,,,,,,,,,uploaded_file,"2026-03-03 20:57:27.143898"
"2008-10-31 00:00:00",,4.0,6.59,44.6,15.02,,,,,,,,,uploaded_file,"2026-03-03 20:57:27.143898"
"2008-11-30 00:00:00",,2.4,1.99,38.8,14.8,,,,,,,,,uploaded_file,"2026-03-03 20:57:27.143898"
"2008-12-31 00:00:00",7.1,1.2,-1.14,41.2,17.82,,,,,,,,,uploaded_file,"2026-03-03 20:57:27.143898"
"2009-01-31 00:00:00",,1.0,-3.35,45.3,18.79,,,,,,,,,uploaded_file,"2026-03-03 20:57:27.143898"
"2009-02-28 00:00:00",,-1.6,-4.47,49.0,20.48,,,,,,,,,uploaded_file,"2026-03-03 20:57:27.143898"
"2009-03-31 00:00:00",6.4,-1.2,-6.0,52.4,25.51,,,,,,,,,uploaded_file,"2026-03-03 20:57:27.143898"
"2009-04-30 00:00:00",,-1.5,-6.6,53.5,25.89,,,,,,,,,uploaded_file,"2026-03-03 20:57:27.143898"
"2009-05-31 00:00:00",,-1.4,-7.2,53.1,25.74,,,,,,,,,uploaded_file,"2026-03-03 20:57:27.143898"
"2009-06-30 00:00:00",8.2,-1.7,-7.8,53.2,28.46,,,,,,,,,uploaded_file,"2026-03-03 20:57:27.143898"
"2009-07-31 00:00:00",,-1.8,-8.2,53.3,28.42,,,,,,,,,uploaded_file,"2026-03-03 20:57:27.143898"
"2009-08-31 00:00:00",,-1.2,-7.86,54.0,28.53,,,,,,,,,uploaded_file,"2026-03-03 20:57:27.143898"
"2009-09-30 00:00:00",10.6,-0.8,-6.99,54.3,29.31,,,,,,,,,uploaded_file,"2026-03-03 20:57:27.143898"
"2009-10-31 00:00:00",,-0.5,-5.85,55.2,29.42,,,,,,,,,uploaded_file,"2026-03-03 20:57:27.143898"
"2009-11-30 00:00:00",,0.6,-2.08,55.2,29.74,,,,,,,,,uploaded_file,"2026-03-03 20:57:27.143898"
"2009-12-31 00:00:00",11.9,1.9,1.7,56.6,27.68,,,,,,,,,uploaded_file,"2026-03-03 20:57:27.143898"
"2010-01-31 00:00:00",,1.5,4.32,55.8,25.98,,,,,,,,,uploaded_file,"2026-03-03 20:57:27.143898"
"2010-02-28 00:00:00",,2.7,5.39,52.0,25.52,,,,,,,,,uploaded_file,"2026-03-03 20:57:27.143898"
"2010-03-31 00:00:00",12.2,2.4,5.91,55.1,22.5,,,,,,,,,uploaded_file,"2026-03-03 20:57:27.143898"
"2010-04-30 00:00:00",,2.8,6.81,55.7,21.48,,,,,,,,,uploaded_file,"2026-03-03 20:57:27.143898"
"2010-05-31 00:00:00",,3.1,7.13,53.9,21.0,,,,,,,,,uploaded_file,"2026-03-03 20:57:27.143898"
"2010-06-30 00:00:00",10.7,2.9,6.41,52.1,18.46,,,,,,,,,uploaded_file,"2026-03-03 20:57:27.143898"
"2010-07-31 00:00:00",,3.3,4.84,51.2,17.6,,,,,,,,,uploaded_file,"2026-03-03 20:57:27.143898"
"2010-08-31 00:00:00",,3.5,4.32,51.7,19.2,,,,,,,,,uploaded_file,"2026-03-03 20:57:27.143898"
"2010-09-30 00:00:00",9.9,3.6,4.33,53.8,18.96,,,,,,,,,uploaded_file,"2026-03-03 20:57:27.143898"
"2010-10-31 00:00:00",,4.4,5.04,54.7,19.3,,,,,,,,,uploaded_file,"2026-03-03 20:57:27.143898"
"2010-11-30 00:00:00",,5.1,6.06,55.2,19.5,,,,,,,,,uploaded_file,"2026-03-03 20:57:27.143898"
"2010-12-31 00:00:00",9.9,4.6,5.93,53.9,19.72,,,,,,,,,uploaded_file,"2026-03-03 20:57:27.143898"
"2011-01-31 00:00:00",,4.9,6.6,52.9,17.2,,,,,,,,,uploaded_file,"2026-03-03 20:57:27.143898"
"2011-02-28 00:00:00",,4.944,7.23,52.2,15.7,,,,,,,,,uploaded_file,"2026-03-03 20:57:27.143898"
"2011-03-31 00:00:00",10.1,5.383,7.31,53.4,16.6,,,,,,,,,uploaded_file,"2026-03-03 20:57:27.143898"
"2011-04-30 00:00:00",,5.344,6.82,52.9,15.3,,,,,,,,,uploaded_file,"2026-03-03 20:57:27.143898"
"2011-05-31 00:00:00",,5.515,6.79,52.0,15.1,,,,,,,,,uploaded_file,"2026-03-03 20:57:27.143898"
"2011-06-30 00:00:00",9.9,6.355,7.12,50.9,15.9,,,,,,,,,uploaded_file,"2026-03-03 20:57:27.143898"
"2011-07-31 00:00:00",,6.451,7.54,50.7,14.7,,,,,,,,,uploaded_file,"2026-03-03 20:57:27.143898"
"2011-08-31 00:00:00",,6.151,7.25,50.9,13.5,,,,,,,,,uploaded_file,"2026-03-03 20:57:27.143898"
"2011-09-30 00:00:00",9.3,6.067,6.52,51.2,13.0,,,,,,,,,uploaded_file,"2026-03-03 20:57:27.143898"
"2011-10-31 00:00:00",,5.495,5.0,50.4,12.9,,,,,,,,,uploaded_file,"2026-03-03 20:57:27.143898"
"2011-11-30 00:00:00",,4.225,2.72,49.0,12.7,,,,,,,,,uploaded_file,"2026-03-03 20:57:27.143898"
"2011-12-31 00:00:00",8.7,4.07,1.69,50.3,13.6,,,,,,,,,uploaded_file,"2026-03-03 20:57:27.143898"
"2012-01-31 00:00:00",,4.5,0.73,50.5,12.4,,,,,,,,,uploaded_file,"2026-03-03 20:57:27.143898"
"2012-02-29 00:00:00",,3.2,0.03,56.0,13.0,,,,,,,,,uploaded_file,"2026-03-03 20:57:27.143898"
"2012-03-31 00:00:00",8.1,3.6,-0.32,57.4,13.4,,,,,,,,,uploaded_file,"2026-03-03 20:57:27.143898"
"2012-04-30 00:00:00",,3.4,-0.7,55.0,12.8,,,,,,,,,uploaded_file,"2026-03-03 20:57:27.143898"
"2012-05-31 00:00:00",,3.0,-1.4,54.3,13.2,,,,,,,,,uploaded_file,"2026-03-03 20:57:27.143898"
"2012-06-30 00:00:00",7.7,2.2,-2.08,56.4,13.6,,,,,,,,,uploaded_file,"2026-03-03 20:57:27.143898"
"2012-07-31 00:00:00",,1.8,-2.87,54.4,13.9,,,,,,,,,uploaded_file,"2026-03-03 20:57:27.143898"
"2012-08-31 00:00:00",,2.0,-3.48,55.1,13.5,,,,,,,,,uploaded_file,"2026-03-03 20:57:27.143898"
"2012-09-30 00:00:00",7.5,1.9,-3.55,52.6,14.8,,,,,,,,,uploaded_file,"2026-03-03 20:57:27.143898"
"2012-10-31 00:00:00",,1.7,-2.76,54.4,14.1,,,,,,,,,uploaded_file,"2026-03-03 20:57:27.143898"
"2012-11-30 00:00:00",,2.0,-2.2,54.2,13.9,,,,,,,,,uploaded_file,"2026-03-03 20:57:27.143898"
"2012-12-31 00:00:00",8.1,2.5,-1.94,54.7,13.8,,,,,,,,,uploaded_file,"2026-03-03 20:57:27.143898"
"2013-01-31 00:00:00",,2.0305,-1.64,54.9,15.9,,,,,,,,,uploaded_file,"2026-03-03 20:57:27.143898"
"2013-02-28 00:00:00",,3.2198,-1.63,53.6,15.2,,,,,,,,,uploaded_file,"2026-03-03 20:57:27.143898"
"2013-03-31 00:00:00",7.9,2.0696,-1.92,53.9,15.7,,,,,,,,,uploaded_file,"2026-03-03 20:57:27.143898"
"2013-04-30 00:00:00",,2.3861,-2.62,52.5,16.1,,,,,,,,,uploaded_file,"2026-03-03 20:57:27.143898"
"2013-05-31 00:00:00",,2.0981,-2.87,52.3,15.8,,,,,,,,,uploaded_file,"2026-03-03 20:57:27.143898"
"2013-06-30 00:00:00",7.6,2.6684,-2.7,52.6,14.0,,,,,,,,,uploaded_file,"2026-03-03 20:57:27.143898"
"2013-07-31 00:00:00",,2.6741,-2.27,53.0,14.5,,,,,,,,,uploaded_file,"2026-03-03 20:57:27.143898"
"2013-08-31 00:00:00",,2.5666,-1.62,52.5,14.7,,,,,,,,,uploaded_file,"2026-03-03 20:57:27.143898"
"2013-09-30 00:00:00",7.9,3.0519,-1.34,53.9,14.2,,,,,,,,,uploaded_file,"2026-03-03 20:57:27.143898"
"2013-10-31 00:00:00",,3.2058,-1.51,54.8,14.3,,,,,,,,,uploaded_file,"2026-03-03 20:57:27.143898"
"2013-11-30 00:00:00",,3.018,-1.42,54.1,14.2,,,,,,,,,uploaded_file,"2026-03-03 20:57:27.143898"
"2013-12-31 00:00:00",7.7,2.4987,-1.36,52.5,13.6,,,,,,,,,uploaded_file,"2026-03-03 20:57:27.143898"
"2014-01-31 00:00:00",,2.4861,-1.64,51.5,13.2,,,,,,,,,uploaded_file,"2026-03-03 20:57:27.143898"
"2014-02-28 00:00:00",,1.9511,-2.0,53.8,13.3,,,,,,,,,uploaded_file,"2026-03-03 20:57:27.143898"
"2014-03-31 00:00:00",7.6,2.3848,-2.3019,52.8,12.1,,,,,,,,,uploaded_file,"2026-03-03 20:57:27.143898"
"2014-04-30 00:00:00",,1.8014,-2.0042,53.4,13.2,,,,,,,,,uploaded_file,"2026-03-03 20:57:27.143898"
"2014-05-31 00:00:00",,2.4773,-1.4464,54.4,13.4,,,,,,,,,uploaded_file,"2026-03-03 20:57:27.143898"
"2014-06-30 00:00:00",7.7,2.3361,-1.1092,53.5,14.7,,,,,,,,,uploaded_file,"2026-03-03 20:57:27.143898"
"2014-07-31 00:00:00",,2.2852,-0.8688,53.2,13.5,,,,,,,,,uploaded_file,"2026-03-03 20:57:27.143898"
"2014-08-31 00:00:00",,1.9909,-1.2038,53.6,12.8,,,,,,,,,uploaded_file,"2026-03-03 20:57:27.143898"
"2014-09-30 00:00:00",7.3,1.6275,-1.7996,52.5,12.9,,,,,,,,,uploaded_file,"2026-03-03 20:57:27.143898"
"2014-10-31 00:00:00",,1.6011,-2.2428,52.6,12.6,,,,,,,,,uploaded_file,"2026-03-03 20:57:27.143898"
"2014-11-30 00:00:00",,1.4393,-2.6928,52.6,12.3,,,,,,,,,uploaded_file,"2026-03-03 20:57:27.143898"
"2014-12-31 00:00:00",7.4,1.5056,-3.3152,53.3,12.2,,,,,,,,,uploaded_file,"2026-03-03 20:57:27.143898"
"2015-01-31 00:00:00",,0.7638,-4.3202,52.9,10.8,,,,,,,,,uploaded_file,"2026-03-03 20:57:27.143898"
"2015-02-28 00:00:00",,1.4311,-4.7976,53.2,12.5,,,,,,,,,uploaded_file,"2026-03-03 20:57:27.143898"
"2015-03-31 00:00:00",7.1,1.3758,-4.5603,52.3,11.6,,,,,,,,,uploaded_file,"2026-03-03 20:57:27.143898"
"2015-04-30 00:00:00",,1.5091,-4.5725,52.4,10.1,,,,,,,,,uploaded_file,"2026-03-03 20:57:27.143898"
"2015-05-31 00:00:00",,1.2308,-4.607,52.0,10.8,,,,,,,,,uploaded_file,"2026-03-03 20:57:27.143898"
"2015-06-30 00:00:00",7.1,1.3909,-4.8135,52.3,11.8,,,,,,,,,uploaded_file,"2026-03-03 20:57:27.143898"
"2015-07-31 00:00:00",,1.6473,-5.3692,52.8,13.3,,,,,,,,,uploaded_file,"2026-03-03 20:57:27.143898"
"2015-08-31 00:00:00",,1.9554,-5.9227,52.6,13.3,,,,,,,,,uploaded_file,"2026-03-03 20:57:27.143898"
"2015-09-30 00:00:00",7.0,1.5956,-5.945,53.0,13.1,,,,,,,,,uploaded_file,"2026-03-03 20:57:27.143898"
"2015-10-31 00:00:00",,1.2674,-5.9,52.3,13.5,,,,,,,,,uploaded_file,"2026-03-03 20:57:27.143898"
"2015-11-30 00:00:00",,1.4856,-5.9,52.8,13.7,,,,,,,,,uploaded_file,"2026-03-03 20:57:27.143898"
"2015-12-31 00:00:00",6.9,1.6,-5.9,53.7,13.3,,,,,,,,,uploaded_file,"2026-03-03 20:57:27.143898"
"2016-01-31 00:00:00",,1.8,-5.3,52.7,14.0,,,,,,,,,uploaded_file,"2026-03-03 20:57:27.143898"
"2016-02-29 00:00:00",,2.3,-4.9,52.2,13.3,,,,,,,,,uploaded_file,"2026-03-03 20:57:27.143898"
"2016-03-31 00:00:00",6.8,2.301391,-4.3,53.1,13.4,,,,,,,,,uploaded_file,"2026-03-03 20:57:27.143898"
"2016-04-30 00:00:00",,2.327865,-3.4,52.5,12.8,,,,,,,,,uploaded_file,"2026-03-03 20:57:27.143898"
"2016-05-31 00:00:00",,2.038999,-2.8,52.0,11.8,,,,,,,,,uploaded_file,"2026-03-03 20:57:27.143898"
"2016-06-30 00:00:00",6.7,1.879503,-2.6,52.2,11.8,,,,,,,,,uploaded_file,"2026-03-03 20:57:27.143898"
"2016-07-31 00:00:00",,1.765113,-1.7,52.6,10.2,,,,,,,,,uploaded_file,"2026-03-03 20:57:27.143898"
"2016-08-31 00:00:00",,1.339773,-0.8,52.7,11.4,,,,,,,,,uploaded_file,"2026-03-03 20:57:27.143898"
"2016-09-30 00:00:00",6.7,1.920226,0.1,52.3,11.5,,,,,,,,,uploaded_file,"2026-03-03 20:57:27.143898"
"2016-10-31 00:00:00",,2.095947,1.2,52.6,11.6,,,,,,,,,uploaded_file,"2026-03-03 20:57:27.143898"
"2016-11-30 00:00:00",,2.252258,3.3,53.7,11.4,,,,,,,,,uploaded_file,"2026-03-03 20:57:27.143898"
"2016-12-31 00:00:00",6.8,2.076545,5.5,53.2,11.3,,,,,,,,,uploaded_file,"2026-03-03 20:57:27.143898"
"2017-01-31 00:00:00",,2.549055,6.9,53.5,10.7,,,,,,,,,uploaded_file,"2026-03-03 20:57:27.143898"
"2017-02-28 00:00:00",,0.8,7.8,53.2,10.4,,,,,,,,,uploaded_file,"2026-03-03 20:57:27.143898"
"2017-03-31 00:00:00",7.0,0.9,7.6,54.2,10.1,,,,,,,,,uploaded_file,"2026-03-03 20:57:27.143898"
"2017-04-30 00:00:00",,1.2,6.4,52.6,9.8,,,,,,,,,uploaded_file,"2026-03-03 20:57:27.143898"
"2017-05-31 00:00:00",,1.5,5.5,53.5,9.1,,,,,,,,,uploaded_file,"2026-03-03 20:57:27.143898"
"2017-06-30 00:00:00",7.0,1.5,5.5,53.8,9.1,,,,,,,,,uploaded_file,"2026-03-03 20:57:27.143898"
"2017-07-31 00:00:00",,1.4,5.5,53.1,8.9,,,,,,,,,uploaded_file,"2026-03-03 20:57:27.143898"
"2017-08-31 00:00:00",,1.8,6.3,52.6,8.6,,,,,,,,,uploaded_file,"2026-03-03 20:57:27.143898"
"2017-09-30 00:00:00",6.9,1.6,6.9,54.4,9.0,,,,,,,,,uploaded_file,"2026-03-03 20:57:27.143898"
"2017-10-31 00:00:00",,1.9,6.9,53.5,8.9,,,,,,,,,uploaded_file,"2026-03-03 20:57:27.143898"
"2017-11-30 00:00:00",,1.7,5.8,53.6,9.1,,,,,,,,,uploaded_file,"2026-03-03 20:57:27.143898"
"2017-12-31 00:00:00",6.8,1.8,4.9,53.4,8.1,,,,,,,,,uploaded_file,"2026-03-03 20:57:27.143898"
"2018-01-31 00:00:00",,1.5,4.3,54.4,8.6,,,,4.96,,,,,uploaded_file,"2026-03-03 20:57:27.143898"
"2018-02-28 00:00:00",,2.9,3.7,53.8,8.8,,,,5.0,,,,,uploaded_file,"2026-03-03 20:57:27.143898"
"2018-03-31 00:00:00",6.9,2.1,3.1,53.6,8.2,,,,5.06,,,,,uploaded_file,"2026-03-03 20:57:27.143898"
"2018-04-30 00:00:00",,1.8,3.4,53.8,8.3,,,,4.9,,,,,uploaded_file,"2026-03-03 20:57:27.143898"
"2018-05-31 00:00:00",,1.8,4.1,54.0,8.3,,,,4.8,,,,,uploaded_file,"2026-03-03 20:57:27.143898"
"2018-06-30 00:00:00",6.9,1.9,4.7,54.0,8.0,,,,4.8,,,,,uploaded_file,"2026-03-03 20:57:27.143898"
"2018-07-31 00:00:00",,2.1,4.6,53.0,8.5,,,,5.1,,,,,uploaded_file,"2026-03-03 20:57:27.143898"
"2018-08-31 00:00:00",,2.3,4.1,53.4,8.2,,,,5.0,,,,,uploaded_file,"2026-03-03 20:57:27.143898"
"2018-09-30 00:00:00",6.7,2.5,3.6,53.4,8.3,,,,4.9,,,,,uploaded_file,"2026-03-03 20:57:27.143898"
"2018-10-31 00:00:00",,2.5,3.3,52.1,8.0,,,,4.9,,,,,uploaded_file,"2026-03-03 20:57:27.143898"
"2018-11-30 00:00:00",,2.2,2.7,52.4,8.0,,,,4.8,,,,,uploaded_file,"2026-03-03 20:57:27.143898"
"2018-12-31 00:00:00",6.5,1.9,0.9,52.3,8.1,,,,4.9,,,,,uploaded_file,"2026-03-03 20:57:27.143898"
"2019-01-31 00:00:00",,1.7,0.1,53.6,8.4,,,,5.1,,,,,uploaded_file,"2026-03-03 20:57:27.143898"
"2019-02-28 00:00:00",,1.5,0.1,53.5,8.0,,,,5.3,,,,,uploaded_file,"2026-03-03 20:57:27.143898"
"2019-03-31 00:00:00",6.4,2.3,0.4,53.6,8.6,,,,5.2,,,,,uploaded_file,"2026-03-03 20:57:27.143898"
"2019-04-30 00:00:00",,2.5,0.9,53.3,8.5,,,,5.0,,,,,uploaded_file,"2026-03-03 20:57:27.143898"
"2019-05-31 00:00:00",,2.7,0.6,53.5,8.5,,,,5.0,,,,,uploaded_file,"2026-03-03 20:57:27.143898"
"2019-06-30 00:00:00",6.1,2.7,0.0,53.4,8.5,,,,5.1,,,,,uploaded_file,"2026-03-03 20:57:27.143898"
"2019-07-31 00:00:00",,2.8,-0.3,52.9,8.1,,,,5.3,,,,,uploaded_file,"2026-03-03 20:57:27.143898"
"2019-08-31 00:00:00",,2.8,-0.8,52.5,8.2,,,,5.2,,,,,uploaded_file,"2026-03-03 20:57:27.143898"
"2019-09-30 00:00:00",6.0,3.0,-1.2,53.0,8.4,,,,5.2,,,,,uploaded_file,"2026-03-03 20:57:27.143898"
"2019-10-31 00:00:00",,3.8,-1.6,51.4,8.4,,,,5.1,,,,,uploaded_file,"2026-03-03 20:57:27.143898"
"2019-11-30 00:00:00",,4.5,-1.4,53.5,8.2,,,,5.1,,,,,uploaded_file,"2026-03-03 20:57:27.143898"
"2019-12-31 00:00:00",5.9,4.5,-0.5,53.0,8.7,,,,5.2,,,,,uploaded_file,"2026-03-03 20:57:27.143898"
"2020-01-31 00:00:00",,5.4,0.1,53.1,8.4,,,,5.3,,,,,uploaded_file,"2026-03-03 20:57:27.143898"
"2020-02-29 00:00:00",,5.2,-0.4,30.1,8.8,,,,6.2,,,,,uploaded_file,"2026-03-03 20:57:27.143898"
"2020-03-31 00:00:00",-6.8,4.3,-1.5,51.8,10.1,,,,5.9,,,,,uploaded_file,"2026-03-03 20:57:27.143898"
"2020-04-30 00:00:00",,3.3,-3.1,52.1,11.1,,,,6.0,,,,,uploaded_file,"2026-03-03 20:57:27.143898"
"2020-05-31 00:00:00",,2.4,-3.7,52.3,11.1,,,,5.9,,,,,uploaded_file,"2026-03-03 20:57:27.143898"
"2020-06-30 00:00:00",3.2,2.5,-3.0,53.4,11.1,,,,5.7,,,,,uploaded_file,"2026-03-03 20:57:27.143898"
"2020-07-31 00:00:00",,2.7,-2.4,53.1,10.7,,,,5.7,,,,,uploaded_file,"2026-03-03 20:57:27.143898"
"2020-08-31 00:00:00",,2.4,-2.0,54.3,10.4,,,,5.6,,,,,uploaded_file,"2026-03-03 20:57:27.143898"
"2020-09-30 00:00:00",4.9,1.7,-2.1,55.2,10.9,,,,5.4,,,,,uploaded_file,"2026-03-03 20:57:27.143898"
"2020-10-31 00:00:00",,0.5,-2.1,55.5,10.5,,,,5.3,,,,,uploaded_file,"2026-03-03 20:57:27.143898"
"2020-11-30 00:00:00",,-0.5,-1.5,55.7,10.7,,,,5.2,,,,,uploaded_file,"2026-03-03 20:57:27.143898"
"2020-12-31 00:00:00",6.5,0.2,-0.4,54.8,10.1,,,,5.2,,,,,uploaded_file,"2026-03-03 20:57:27.143898"
"2021-01-31 00:00:00",,-0.3,0.3,51.1,9.4,,,,5.4,,,,,uploaded_file,"2026-03-03 20:57:27.143898"
"2021-02-28 00:00:00",,-0.2,1.7,50.8,10.1,,,,5.5,,,,,uploaded_file,"2026-03-03 20:57:27.143898"
"2021-03-31 00:00:00",18.9,0.4,4.4,55.2,9.4,,,,5.3,,,,,uploaded_file,"2026-03-03 20:57:27.143898"
"2021-04-30 00:00:00",,0.9,6.8,54.4,8.1,,,,5.1,,,,,uploaded_file,"2026-03-03 20:57:27.143898"
"2021-05-31 00:00:00",,1.3,9.0,54.3,8.3,,,,5.0,,,,,uploaded_file,"2026-03-03 20:57:27.143898"
"2021-06-30 00:00:00",8.1,1.1,8.8,52.3,8.6,,,,5.0,,,,,uploaded_file,"2026-03-03 20:57:27.143898"
"2021-07-31 00:00:00",,1.0,9.0,52.5,8.3,,,,5.1,,,,,uploaded_file,"2026-03-03 20:57:27.143898"
"2021-08-31 00:00:00",,0.8,9.5,45.2,8.2,,,,5.1,,,,,uploaded_file,"2026-03-03 20:57:27.143898"
"2021-09-30 00:00:00",5.5,0.7,10.7,52.4,8.3,,,,4.9,,,,,uploaded_file,"2026-03-03 20:57:27.143898"
"2021-10-31 00:00:00",,1.5,13.5,51.6,8.7,,,,4.9,,,,,uploaded_file,"2026-03-03 20:57:27.143898"
"2021-11-30 00:00:00",,2.3,12.9,51.1,8.5,,,,5.0,,,,,uploaded_file,"2026-03-03 20:57:27.143898"
"2021-12-31 00:00:00",4.5,1.5,10.3,52.0,9.0,,,,5.1,,,,,uploaded_file,"2026-03-03 20:57:27.143898"
"2022-01-31 00:00:00",,0.9,9.1,50.3,9.8,,,,5.3,,,,,uploaded_file,"2026-03-03 20:57:27.143898"
"2022-02-28 00:00:00",,0.9,8.8,50.5,9.2,,,,5.5,,,,,uploaded_file,"2026-03-03 20:57:27.143898"
"2022-03-31 00:00:00",4.8,1.5,8.3,46.7,9.7,,,,5.8,,,,,uploaded_file,"2026-03-03 20:57:27.143898"
"2022-04-30 00:00:00",,2.1,8.0,40.0,10.5,,,,6.1,,,,,uploaded_file,"2026-03-03 20:57:27.143898"
"2022-05-31 00:00:00",,2.1,6.4,47.1,11.1,,,,5.9,,,,,uploaded_file,"2026-03-03 20:57:27.143898"
"2022-06-30 00:00:00",0.8,2.5,6.1,54.3,11.4,,,,5.5,,,,,uploaded_file,"2026-03-03 20:57:27.143898"
"2022-07-31 00:00:00",,2.7,4.2,52.8,12.0,,,,5.4,,,,,uploaded_file,"2026-03-03 20:57:27.143898"
"2022-08-31 00:00:00",,2.5,2.3,51.9,12.2,,,,5.3,,,,,uploaded_file,"2026-03-03 20:57:27.143898"
"2022-09-30 00:00:00",4.0,2.8,0.9,48.9,12.1,,,,5.5,,,,,uploaded_file,"2026-03-03 20:57:27.143898"
"2022-10-31 00:00:00",,2.1,-1.3,47.0,11.8,,,,5.5,,,,,uploaded_file,"2026-03-03 20:57:27.143898"
"2022-11-30 00:00:00",,1.6,-1.3,45.1,12.4,,,,5.7,,,,,uploaded_file,"2026-03-03 20:57:27.143898"
"2022-12-31 00:00:00",3.0,1.8,-0.7,39.4,11.8,,,,5.5,,,,,uploaded_file,"2026-03-03 20:57:27.143898"
"2023-01-31 00:00:00",,2.1,-0.8,54.0,12.6,,,,5.5,,,,,uploaded_file,"2026-03-03 20:57:27.143898"
"2023-02-28 00:00:00",,1.0,-1.4,55.6,12.9,,,,5.6,,,,,uploaded_file,"2026-03-03 20:57:27.143898"
"2023-03-31 00:00:00",4.7,0.7,-2.5,56.9,12.7,,,,5.3,,,,,uploaded_file,"2026-03-03 20:57:27.143898"
"2023-04-30 00:00:00",,0.1,-3.6,55.1,12.4,,,,5.2,,,,,uploaded_file,"2026-03-03 20:57:27.143898"
"2023-05-31 00:00:00",,0.2,-4.6,53.8,11.6,,,,5.2,,,,,uploaded_file,"2026-03-03 20:57:27.143898"
"2023-06-30 00:00:00",6.5,0.0,-5.4,52.8,11.3,,,,5.2,,,,,uploaded_file,"2026-03-03 20:57:27.143898"
"2023-07-31 00:00:00",,-0.3,-4.4,51.5,10.7,,,,5.3,,,,,uploaded_file,"2026-03-03 20:57:27.143898"
"2023-08-31 00:00:00",,0.1,-3.0,50.5,10.6,,,,5.2,,,,,uploaded_file,"2026-03-03 20:57:27.143898"
"2023-09-30 00:00:00",5.0,0.0,-2.5,50.9,10.3,,,,5.0,,,,,uploaded_file,"2026-03-03 20:57:27.143898"
"2023-10-31 00:00:00",,-0.2,-2.6,50.1,10.3,,,,5.0,,,,,uploaded_file,"2026-03-03 20:57:27.143898"
"2023-11-30 00:00:00",,-0.5,-3.0,49.3,10.0,,,,5.0,,,,,uploaded_file,"2026-03-03 20:57:27.143898"
"2023-12-31 00:00:00",5.3,-0.3,-2.7,49.3,9.7,,,,5.1,,,,,uploaded_file,"2026-03-03 20:57:27.143898"
"2024-01-31 00:00:00",,-0.8,-2.5,50.1,8.7,,,,5.2,,,,,uploaded_file,"2026-03-03 20:57:27.143898"
"2024-02-29 00:00:00",,0.7,-2.7,51.0,8.7,,,,5.3,,,,,uploaded_file,"2026-03-03 20:57:27.143898"
"2024-03-31 00:00:00",5.3,0.1,-2.8,52.4,8.3,,,,5.2,,,,,uploaded_file,"2026-03-03 20:57:27.143898"
"2024-04-30 00:00:00",,0.3,-2.5,50.3,7.2,,,,5.0,,,,,uploaded_file,"2026-03-03 20:57:27.143898"
"2024-05-31 00:00:00",,0.3,-1.4,50.5,7.0,,,,5.0,,,,,uploaded_file,"2026-03-03 20:57:27.143898"
"2024-06-30 00:00:00",4.7,0.2,-0.8,50.2,6.2,,,,5.0,,,,,uploaded_file,"2026-03-03 20:57:27.143898"
"2024-07-31 00:00:00",,0.5,-0.8,50.0,6.3,,,,5.2,,,,,uploaded_file,"2026-03-03 20:57:27.143898"
"2024-08-31 00:00:00",,0.6,-1.8,50.2,6.3,,,,5.3,,,,,uploaded_file,"2026-03-03 20:57:27.143898"
"2024-09-30 00:00:00",4.6,0.4,-2.8,49.9,6.8,,,,5.1,,,,,uploaded_file,"2026-03-03 20:57:27.143898"
"2024-10-31 00:00:00",,0.3,-2.9,50.1,7.5,,,,5.0,,,,,uploaded_file,"2026-03-03 20:57:27.143898"
"2024-11-30 00:00:00",,0.2,-2.5,50.1,7.1,,,,5.0,,,,,uploaded_file,"2026-03-03 20:57:27.143898"
"2024-12-31 00:00:00",5.4,0.1,-2.3,52.0,7.3,,,,5.1,,,,,uploaded_file,"2026-03-03 20:57:27.143898"
"2025-01-31 00:00:00",,0.5,-2.3,50.3,7.0,,,,5.2,,,,,uploaded_file,"2026-03-03 20:57:27.143898"
"2025-02-28 00:00:00",,-0.7,-2.2,50.0,7.0,,,,5.4,,,,,uploaded_file,"2026-03-03 20:57:27.143898"
"2025-03-31 00:00:00",5.4,-0.1,-2.5,50.3,7.0,,,,5.2,,,,,uploaded_file,"2026-03-03 20:57:27.143898"
"2025-04-30 00:00:00",,-0.1,-2.7,50.1,8.0,,,,5.1,,,,,uploaded_file,"2026-03-03 20:57:27.143898"
"2025-05-31 00:00:00",,-0.1,-3.3,50.2,7.9,,,,5.0,,,,,uploaded_file,"2026-03-03 20:57:27.143898"
"2025-06-30 00:00:00",5.2,0.1,-3.6,50.1,8.3,,,,5.0,,,,,uploaded_file,"2026-03-03 20:57:27.143898"
"2025-07-31 00:00:00",,0.0,-3.6,50.0,8.8,,,,5.2,,,,,uploaded_file,"2026-03-03 20:57:27.143898"
"2025-08-31 00:00:00",,-0.4,-2.9,50.5,8.8,,,,5.3,,,,,uploaded_file,"2026-03-03 20:57:27.143898"
"2025-09-30 00:00:00",4.8,-0.3,-2.3,50.1,8.4,,,,5.2,,,,,uploaded_file,"2026-03-03 20:57:27.143898"
"2025-10-31 00:00:00",,0.2,-2.1,50.2,8.2,,,,5.1,,,,,uploaded_file,"2026-03-03 20:57:27.143898"
"2025-11-30 00:00:00",,0.7,-2.2,49.5,8.0,,,,5.1,,,,,uploaded_file,"2026-03-03 20:57:27.143898"
"2025-12-31 00:00:00",4.5,0.8,-1.9,49.7,8.5,,,,5.1,,,,,uploaded_file,"2026-03-03 20:57:27.143898"
"2026-01-31 00:00:00",,0.2,-1.4,49.3,9.0,,,,5.2,,,,,uploaded_file,"2026-03-03 20:57:27.143898"
